run,bend_no,feed_before_ft,feed_before_mm,angle_deg,roll_deg,roll_dir
1,1,4.5,1371.6,90.0,0,
1,2,5.42,1651.0,30.0,90.0,CW
1,3,6.42,1955.8,45.0,180.0,
1,4,3.44,1049.0,45.0,0.0,
1,5,36.47,11116.9,30.0,90.0,CW
1,6,4.63,1411.5,30.0,180.0,
1,7,106.27,32390.8,82.6,90.0,CCW
2,1,11.46,3493.2,90.0,0,
2,2,116.01,35358.5,90.0,180.0,
2,3,4.58,1397.0,90.0,90.0,CW
3,1,11.79,3594.8,90.0,0,
3,2,115.92,35333.1,90.0,180.0,
3,3,4.25,1295.4,90.0,90.0,CW
4,1,12.13,3696.4,90.0,0,
4,2,115.59,35231.5,90.0,180.0,
4,3,3.92,1193.8,90.0,90.0,CW
5,1,12.46,3798.0,90.0,0,
5,2,115.51,35206.1,90.0,180.0,
5,3,3.58,1092.2,90.0,90.0,CW
6,1,4.71,1435.1,90.0,0,
6,2,10.79,3289.9,90.0,90.0,CCW
6,3,109.79,33465.1,90.0,180.0,
6,4,12.59,3836.1,90.0,0.0,
7,1,5.17,1574.8,90.0,0,
7,2,18.73,5709.3,90.0,90.0,CCW
7,3,90.3,27522.6,90.0,180.0,
7,4,4.92,1498.6,90.0,90.0,CW
8,1,5.29,1612.9,90.0,0,
8,2,9.77,2978.1,90.0,90.0,CCW
9,1,111.92,34112.5,90.0,0,
9,2,5.57,1697.8,14.0,180.0,
9,3,4.58,1397.0,90.0,90.0,CCW
10,1,111.98,34132.9,90.0,0,
10,2,4.49,1368.6,10.0,180.0,
10,3,6.0,1828.8,90.0,90.0,CCW
11,1,5.08,1549.4,90.0,0,
11,2,17.0,5181.6,45.0,90.0,CCW
11,3,2.88,877.6,45.0,0.0,
11,4,85.65,26105.6,7.5,90.0,CW
11,5,2.54,774.5,82.6,90.0,CW
12,1,4.67,1422.4,90.0,0,
12,2,2.27,692.9,22.5,90.0,CW
12,3,9.2,2804.8,90.0,0.0,
13,1,5.62,1714.5,90.0,0,
13,2,3.25,990.6,10.0,90.0,CW
13,3,6.33,1928.6,90.0,0.0,
14,1,5.75,1752.6,90.0,0,
14,2,4.8,1462.1,6.0,90.0,CCW
14,3,4.5,1371.6,90.0,0.0,
14,4,15.8,4817.3,10.0,90.0,CW
14,5,1.92,585.1,10.0,180.0,
15,1,4.71,1435.1,90.0,0,
15,2,11.96,3644.0,90.0,90.0,CCW
15,3,90.78,27670.4,90.0,180.0,
15,4,13.25,4039.3,90.0,0.0,
16,1,20.92,6375.4,90.0,0,
16,2,80.04,24396.7,30.0,90.0,CCW
16,3,10.9,3321.3,90.0,90.0,CW
17,1,6.08,1854.2,90.0,0,
17,2,2.92,889.0,22.5,0.0,
17,3,1.22,371.3,22.5,180.0,
17,4,1.13,343.5,22.5,0.0,
17,5,1.22,371.3,22.5,180.0,
17,6,3.54,1079.5,90.0,90.0,CCW
18,1,20.92,6375.4,90.0,0,
18,2,69.43,21161.0,12.5,90.0,CCW
18,3,18.6,5668.9,90.0,90.0,CW
19,1,3.25,990.6,90.0,0,
19,2,8.56,2609.9,90.0,90.0,CCW
19,3,93.49,28496.0,22.5,90.0,CW
19,4,2.44,742.6,22.5,180.0,
20,1,4.0,1219.2,90.0,0,
20,2,7.27,2215.8,60.0,90.0,CCW
20,3,2.73,832.5,30.0,0.0,
20,4,13.49,4111.6,45.0,180.0,
20,5,3.03,922.8,45.0,0.0,
20,6,36.27,11053.7,30.0,90.0,CW
20,7,3.97,1209.8,30.0,180.0,
20,8,25.07,7642.8,45.0,90.0,CW
20,9,3.43,1045.4,45.0,0.0,
20,10,3.83,1168.4,30.0,0.0,
20,11,2.73,832.8,90.0,90.0,CW
21,1,5.08,1549.4,90.0,0,
21,2,3.1,945.4,45.0,90.0,CW
21,3,7.42,2260.2,45.0,180.0,
21,4,2.3,701.3,45.0,0.0,
21,5,75.15,22906.8,10.0,90.0,CW
21,6,1.88,572.0,82.7,90.0,CW
22,1,5.08,1549.4,90.0,0,
22,2,2.43,740.9,45.0,90.0,CW
22,3,4.99,1519.7,45.0,180.0,
22,4,2.83,863.5,45.0,0.0,
22,5,77.19,23527.4,82.6,180.0,
23,1,4.71,1435.1,90.0,0,
23,2,8.56,2608.0,90.0,90.0,CCW
23,3,74.74,22781.0,90.0,180.0,
23,4,13.92,4242.5,90.0,0.0,
24,1,5.42,1651.0,90.0,0,
24,2,7.5,2286.0,90.0,90.0,CW
25,1,91.67,27941.7,90.0,0,
25,2,6.5,1981.2,90.0,90.0,CCW
26,1,91.61,27923.8,90.0,0,
26,2,5.69,1733.6,90.0,90.0,CW
27,1,3.67,1117.6,90.0,0,
27,2,6.5,1981.2,90.0,90.0,CW
27,3,4.97,1513.6,22.5,90.0,CCW
27,4,1.09,331.9,22.5,180.0,
27,5,2.68,815.6,22.5,0.0,
27,6,1.09,331.9,22.5,180.0,
27,7,74.98,22854.9,22.5,0.0,
27,8,2.41,734.0,22.5,180.0,
28,1,78.48,23922.2,90.0,0,
28,2,12.94,3943.3,90.0,90.0,CW
29,1,3.12,952.5,90.0,0,
29,2,1.92,584.2,30.0,180.0,
29,3,1.21,369.2,30.0,180.0,
29,4,9.83,2997.2,90.0,90.0,CW
29,5,71.47,21784.0,22.5,90.0,CCW
29,6,2.41,734.0,22.5,180.0,
30,1,6.08,1854.2,90.0,0,
30,2,2.95,900.4,22.5,0.0,
30,3,1.16,352.8,22.5,180.0,
30,4,1.17,355.6,22.5,0.0,
30,5,1.16,352.8,22.5,180.0,
30,6,3.27,995.7,90.0,90.0,CCW
31,1,5.12,1562.1,90.0,0,
31,2,23.94,7296.0,90.0,90.0,CCW
31,3,41.89,12768.4,10.0,90.0,CW
31,4,1.71,521.7,82.7,90.0,CW
32,1,4.71,1435.1,90.0,0,
32,2,4.67,1423.8,30.0,180.0,
32,3,2.0,609.6,30.0,180.0,
32,4,1.26,383.5,30.0,0.0,
32,5,2.0,609.6,30.0,180.0,
32,6,2.29,699.5,90.0,90.0,CCW
32,7,38.0,11582.4,90.0,180.0,
32,8,26.81,8172.1,90.0,180.0,
34,1,48.05,14646.8,90.0,0,
34,2,3.16,963.9,22.5,90.0,CCW
34,3,1.1,334.2,22.5,180.0,
34,4,1.25,381.0,22.5,0.0,
34,5,1.1,334.2,22.5,180.0,
34,6,2.9,884.5,90.0,0.0,
35,1,4.71,1435.1,90.0,0,
35,2,11.79,3594.4,90.0,90.0,CCW
35,3,26.14,7967.2,90.0,180.0,
35,4,17.67,5386.4,90.0,0.0,
36,1,6.08,1854.2,90.0,0,
36,2,2.42,736.6,22.5,0.0,
36,3,1.34,408.5,22.5,180.0,
36,4,1.42,431.8,22.5,0.0,
36,5,1.34,408.5,22.5,180.0,
36,6,2.71,826.2,90.0,90.0,CCW
37,1,4.71,1435.1,90.0,0,
37,2,4.82,1467.9,30.0,180.0,
37,3,2.0,609.6,30.0,180.0,
37,4,1.26,383.5,30.0,0.0,
37,5,2.0,609.6,30.0,180.0,
37,6,1.96,597.9,90.0,90.0,CCW
37,7,16.31,4971.9,90.0,180.0,
37,8,24.5,7467.6,90.0,180.0,
38,1,5.79,1765.3,90.0,0,
38,2,4.94,1505.2,10.0,180.0,
38,3,1.8,549.6,10.0,180.0,
38,4,3.34,1019.5,90.0,90.0,CCW
39,1,34.34,10466.5,90.0,0,
39,2,5.19,1581.2,90.0,90.0,CCW
39,3,2.83,863.6,12.5,90.0,CCW
39,4,1.54,468.4,12.5,180.0,
40,1,5.33,1625.6,90.0,0,
40,2,5.28,1609.7,90.0,90.0,CCW
40,3,26.79,8167.1,22.5,90.0,CCW
40,4,2.44,742.6,22.5,180.0,
41,1,5.0,1525.4,22.5,0,
41,2,2.44,742.6,22.5,180.0,
41,3,27.84,8484.6,90.0,90.0,CCW
41,4,5.75,1752.6,90.0,90.0,CW
42,1,5.42,1651.0,90.0,0,
42,2,4.88,1485.9,90.0,90.0,CCW
43,1,4.71,1435.1,90.0,0,
43,2,4.77,1452.6,30.0,180.0,
43,3,2.0,609.6,30.0,180.0,
43,4,1.26,383.5,30.0,0.0,
43,5,2.0,609.6,30.0,180.0,
43,6,1.96,597.9,90.0,90.0,CW
43,7,4.95,1508.3,90.0,180.0,
43,8,18.5,5638.8,90.0,0.0,
44,1,33.59,10237.4,90.0,0,
45,1,8.0,2438.4,90.0,0,
45,2,18.07,5508.2,52.0,90.0,CW
45,3,2.48,755.6,90.0,90.0,CW
46,1,8.34,2543.2,45.0,0,
46,2,2.8,853.1,45.0,180.0,
46,3,6.29,1917.7,45.0,0.0,
46,4,2.8,853.1,45.0,180.0,
47,1,4.92,1498.6,90.0,0,
47,2,5.59,1705.0,90.0,90.0,CCW
47,3,3.82,1165.6,22.5,90.0,CCW
47,4,2.41,734.0,22.5,180.0,
48,1,5.75,1752.6,90.0,0,
48,2,5.12,1562.1,90.0,90.0,CW
49,1,5.36,1633.2,90.0,0,
49,2,3.89,1184.9,18.5,180.0,
49,3,2.28,695.8,18.5,180.0,
49,4,3.29,1003.3,90.0,90.0,CCW
50,1,5.4,1644.6,90.0,0,
50,2,3.87,1181.1,18.3,180.0,
50,3,2.18,665.7,18.3,180.0,
50,4,3.08,939.8,90.0,90.0,CCW
51,1,5.08,1549.4,90.0,0,
51,2,5.12,1562.1,90.0,90.0,CCW
52,1,6.58,2006.6,45.0,0,
52,2,2.3,700.5,45.0,180.0,
52,3,3.0,914.4,45.0,0.0,
52,4,2.3,700.5,45.0,180.0,
53,1,6.58,2006.6,45.0,0,
53,2,2.3,700.5,45.0,180.0,
53,3,3.0,914.4,45.0,0.0,
53,4,2.3,700.5,45.0,180.0,
54,1,7.82,2384.4,45.0,0,
54,2,2.36,718.4,45.0,180.0,
54,3,3.0,914.4,45.0,0.0,
54,4,2.36,718.4,45.0,180.0,
55,1,6.18,1882.8,45.0,0,
55,2,2.36,718.4,45.0,180.0,
55,3,3.0,914.4,45.0,0.0,
55,4,2.36,718.4,45.0,180.0,
56,1,13.04,3975.1,45.0,0,
56,2,3.54,1077.6,45.0,180.0,
90,1,1.95,593.7,90.0,0,
90,2,7.31,2228.9,45.0,90.0,CCW
90,3,2.36,718.4,45.0,180.0,
90,4,2.17,660.4,60.0,0.0,
90,5,1.83,558.8,60.0,180.0,
91,1,3.25,990.6,90.0,0,
91,2,5.3,1614.3,22.5,0.0,
91,3,2.44,742.6,22.5,180.0,
92,1,9.34,2848.0,45.0,0,
92,2,4.83,1473.4,45.0,180.0,
93,1,1.49,454.0,45.0,0,
93,2,1.65,502.9,45.0,180.0,
93,3,2.67,812.8,45.0,0.0,
93,4,1.65,502.9,45.0,180.0,
93,5,2.55,778.2,90.0,90.0,CW
93,6,3.99,1215.2,90.0,180.0,
94,1,1.49,454.0,45.0,0,
94,2,1.65,502.9,45.0,180.0,
94,3,2.67,812.8,45.0,0.0,
94,4,1.65,502.9,45.0,180.0,
94,5,2.55,778.2,90.0,90.0,CW
94,6,2.49,758.0,90.0,180.0,
95,1,8.98,2736.9,90.0,0,
95,2,1.42,431.8,35.0,90.0,CW
95,3,1.36,413.6,35.0,180.0,
123,1,2.42,736.6,90.0,0,
124,1,1.72,523.3,90.0,0,
124,2,8.5,2590.8,90.0,0.0,
125,1,8.3,2529.6,90.0,0,
126,1,1.51,460.4,45.0,0,
126,2,1.65,502.9,45.0,180.0,
126,3,2.67,812.8,45.0,0.0,
126,4,1.65,502.9,45.0,180.0,
126,5,1.42,431.8,15.0,90.0,CW
126,6,1.08,330.2,15.0,180.0,
127,1,1.49,454.0,45.0,0,
127,2,1.65,502.9,45.0,180.0,
127,3,2.67,812.8,45.0,0.0,
127,4,1.65,502.9,45.0,180.0,
128,1,3.82,1165.2,45.0,0,
128,2,1.65,502.9,45.0,180.0,
128,3,2.67,812.8,45.0,0.0,
128,4,1.65,502.9,45.0,180.0,
129,1,1.49,454.0,45.0,0,
129,2,1.65,502.9,45.0,180.0,
129,3,2.67,812.8,45.0,0.0,
129,4,1.65,502.9,45.0,180.0,
130,1,3.83,1168.4,45.0,0,
130,2,1.65,502.9,45.0,180.0,
130,3,2.67,812.8,45.0,0.0,
130,4,1.65,502.9,45.0,180.0,
131,1,3.83,1168.4,45.0,0,
131,2,1.65,502.9,45.0,180.0,
131,3,2.67,812.8,45.0,0.0,
131,4,1.65,502.9,45.0,180.0,
132,1,3.83,1168.4,45.0,0,
132,2,1.65,502.9,45.0,180.0,
132,3,2.67,812.8,45.0,0.0,
132,4,1.65,502.9,45.0,180.0,
133,1,3.83,1168.4,45.0,0,
133,2,1.65,502.9,45.0,180.0,
133,3,2.67,812.8,45.0,0.0,
133,4,1.65,502.9,45.0,180.0,
134,1,3.83,1168.4,45.0,0,
134,2,1.65,502.9,45.0,180.0,
134,3,2.67,812.8,45.0,0.0,
134,4,1.65,502.9,45.0,180.0,
135,1,3.82,1165.2,45.0,0,
135,2,1.65,502.9,45.0,180.0,
135,3,2.67,812.8,45.0,0.0,
135,4,1.65,502.9,45.0,180.0,
136,1,1.49,454.0,45.0,0,
136,2,1.65,502.9,45.0,180.0,
136,3,2.67,812.8,45.0,0.0,
136,4,1.65,502.9,45.0,180.0,
137,1,1.49,454.0,45.0,0,
137,2,1.65,502.9,45.0,180.0,
137,3,2.67,812.8,45.0,0.0,
137,4,1.65,502.9,45.0,180.0,
138,1,1.49,454.0,45.0,0,
138,2,1.65,502.9,45.0,180.0,
138,3,2.67,812.8,45.0,0.0,
138,4,1.65,502.9,45.0,180.0,
139,1,2.17,660.4,90.0,0,
159,1,7.96,2425.7,90.0,0,
160,1,1.37,418.3,45.0,0,
160,2,1.54,468.0,45.0,180.0,
160,3,2.18,665.7,45.0,0.0,
160,4,1.54,468.0,45.0,180.0,
161,1,3.08,939.8,90.0,0,
