run,conduit,outer_diameter_mm,length_ft,length_mm,num_bends,bend_angles_deg
1,EMT,55.8,180.72,55084.2,7,90 30 45 45 30 30 82.6
2,EMT,55.8,143.38,43703.1,3,90 90 90
3,EMT,55.8,143.3,43677.7,3,90 90 90
4,EMT,55.8,142.97,43576.1,3,90 90 90
5,EMT,55.8,142.88,43550.7,3,90 90 90
6,EMT,55.8,139.94,42654.2,4,90 90 90 90
7,EMT,55.8,130.45,39759.7,4,90 90 90 90
8,EMT,55.8,128.09,39041.5,2,90 90
9,EMT,55.8,127.7,38921.8,3,90 14 90
10,EMT,55.8,127.47,38854.3,3,90 10 90
11,EMT,55.8,127.23,38779.7,5,90 45 45 7.5 82.6
12,EMT,55.8,125.92,38380.0,3,90 22.5 90
13,EMT,55.8,124.6,37978.2,3,90 10 90
14,EMT,55.8,124.35,37902.7,5,90 6 90 10 10
15,EMT,55.8,123.09,37518.4,4,90 90 90 90
16,RNC Sch 80,168.3,117.35,35769.7,3,90 30 90
17,EMT,55.8,116.81,35603.4,6,90 22.5 22.5 22.5 22.5 90
18,RNC Sch 80,168.3,114.44,34881.7,3,90 12.5 90
19,EMT,55.8,112.72,34355.6,4,90 90 22.5 22.5
20,EMT,55.8,111.24,33905.8,11,90 60 30 45 45 30 30 45 45 30 90
21,EMT,55.8,109.97,33519.8,6,90 45 45 45 10 82.7
22,EMT,55.8,107.06,32630.8,5,90 45 45 45 82.6
23,EMT,55.8,104.65,31897.8,4,90 90 90 90
24,EMT,55.8,104.51,31855.6,2,90 90
25,EMT,55.8,103.59,31573.9,2,90 90
26,EMT,55.8,103.05,31409.9,2,90 90
27,EMT,55.8,102.38,31205.2,8,90 90 22.5 22.5 22.5 22.5 22.5 22.5
28,EMT,55.8,97.05,29580.0,2,90 90
29,EMT,55.8,94.97,28945.7,6,90 30 30 90 22.5 22.5
30,EMT,55.8,90.0,27431.8,6,90 22.5 22.5 22.5 22.5 90
31,EMT,55.8,88.17,26872.7,4,90 90 10 82.7
32,EMT,55.8,85.8,26153.2,8,90 30 30 30 30 90 90 90
33,EMT,55.8,63.85,19461.3,0,
34,EMT,55.8,63.64,19398.8,6,90 22.5 22.5 22.5 22.5 90
35,EMT,55.8,63.37,19315.8,4,90 90 90 90
36,EMT,55.8,63.21,19266.1,6,90 22.5 22.5 22.5 22.5 90
37,EMT,55.8,61.28,18679.0,8,90 30 30 30 30 90 90 90
38,EMT,55.8,53.17,16206.1,4,90 10 10 90
39,EMT,55.8,44.98,13709.8,4,90 90 12.5 12.5
40,EMT,55.8,44.85,13670.4,4,90 90 22.5 22.5
41,EMT,55.8,44.28,13495.8,4,22.5 22.5 90 90
42,EMT,55.8,44.13,13451.0,2,90 90
43,EMT,55.8,43.54,13269.8,8,90 30 30 30 30 90 90 90
44,EMT,55.8,42.17,12853.6,1,90
45,EMT,55.8,32.13,9794.4,3,90 52 90
46,EMT,55.8,22.81,6951.3,4,45 45 45 45
47,EMT,55.8,21.74,6627.8,4,90 90 22.5 22.5
48,EMT,55.8,21.68,6606.9,2,90 90
49,EMT,55.8,21.66,6601.6,4,90 18.5 18.5 90
50,EMT,55.8,21.41,6527.1,4,90 18.3 18.3 90
51,EMT,55.8,21.11,6433.3,2,90 90
52,EMT,55.8,20.78,6334.9,4,45 45 45 45
53,EMT,55.8,20.24,6169.8,4,45 45 45 45
54,EMT,55.8,19.2,5853.3,4,45 45 45 45
55,EMT,55.8,18.55,5653.2,4,45 45 45 45
56,EMT,55.8,18.08,5509.9,2,45 45
57,EMT,55.8,17.33,5283.2,0,
58,EMT,55.8,17.33,5283.2,0,
59,EMT,55.8,17.33,5283.2,0,
60,EMT,55.8,17.33,5283.2,0,
61,EMT,55.8,17.33,5283.2,0,
62,EMT,55.8,17.33,5283.2,0,
63,EMT,55.8,17.33,5283.2,0,
64,EMT,55.8,17.33,5283.2,0,
65,EMT,55.8,17.33,5283.2,0,
66,EMT,55.8,17.33,5283.2,0,
67,EMT,55.8,17.33,5283.2,0,
68,EMT,55.8,17.33,5283.2,0,
69,EMT,55.8,17.33,5283.2,0,
70,EMT,55.8,17.33,5283.2,0,
71,EMT,55.8,17.33,5283.2,0,
72,EMT,55.8,17.33,5283.2,0,
73,EMT,55.8,17.33,5283.2,0,
74,EMT,55.8,17.33,5283.2,0,
75,EMT,55.8,17.33,5283.2,0,
76,EMT,55.8,17.33,5283.2,0,
77,EMT,55.8,17.33,5283.2,0,
78,EMT,55.8,17.33,5283.2,0,
79,EMT,55.8,17.33,5283.2,0,
80,EMT,55.8,17.33,5283.2,0,
81,EMT,55.8,17.33,5283.2,0,
82,EMT,55.8,17.33,5283.2,0,
83,EMT,55.8,17.33,5283.2,0,
84,EMT,55.8,17.33,5283.2,0,
85,EMT,55.8,17.33,5283.2,0,
86,EMT,55.8,17.33,5283.2,0,
87,EMT,55.8,17.33,5283.2,0,
88,EMT,55.8,17.33,5283.2,0,
89,EMT,55.8,17.33,5283.2,0,
90,EMT,23.4,16.28,4963.4,5,90 45 45 60 60
91,EMT,55.8,15.99,4872.5,3,90 22.5 22.5
92,EMT,55.8,15.43,4701.9,2,45 45
93,EMT,23.4,15.29,4659.4,6,45 45 45 45 90 90
94,EMT,23.4,13.79,4202.2,6,45 45 45 45 90 90
95,EMT,23.4,13.09,3988.8,3,90 35 35
96,EMT,55.8,12.17,3708.4,0,
97,EMT,55.8,12.17,3708.4,0,
98,EMT,55.8,12.17,3708.4,0,
99,EMT,55.8,12.17,3708.4,0,
100,EMT,55.8,12.17,3708.4,0,
101,EMT,55.8,12.17,3708.4,0,
102,EMT,55.8,12.17,3708.4,0,
103,EMT,55.8,12.17,3708.4,0,
104,EMT,55.8,12.17,3708.4,0,
105,EMT,55.8,12.17,3708.4,0,
106,EMT,55.8,12.17,3708.4,0,
107,EMT,55.8,12.17,3708.4,0,
108,EMT,55.8,12.17,3708.4,0,
109,EMT,55.8,12.17,3708.4,0,
110,EMT,55.8,12.17,3708.4,0,
111,EMT,55.8,12.17,3708.4,0,
112,EMT,55.8,12.17,3708.4,0,
113,EMT,55.8,12.17,3708.4,0,
114,EMT,55.8,12.17,3708.4,0,
115,EMT,55.8,12.17,3708.4,0,
116,EMT,55.8,12.17,3708.4,0,
117,EMT,55.8,12.17,3708.4,0,
118,EMT,55.8,12.17,3708.4,0,
119,EMT,55.8,12.17,3708.4,0,
120,EMT,55.8,12.17,3708.4,0,
121,EMT,55.8,12.17,3708.4,0,
122,EMT,55.8,12.17,3708.4,0,
123,EMT,23.4,12.09,3686.2,1,90
124,EMT,23.4,11.93,3637.4,2,90 90
125,EMT,55.8,11.8,3596.4,1,90
126,EMT,23.4,11.34,3455.4,6,45 45 45 45 15 15
127,EMT,23.4,11.3,3444.2,4,45 45 45 45
128,EMT,23.4,11.3,3444.2,4,45 45 45 45
129,EMT,23.4,11.3,3444.2,4,45 45 45 45
130,EMT,23.4,11.3,3444.2,4,45 45 45 45
131,EMT,23.4,11.3,3444.2,4,45 45 45 45
132,EMT,23.4,11.3,3444.2,4,45 45 45 45
133,EMT,23.4,11.3,3444.2,4,45 45 45 45
134,EMT,23.4,11.3,3444.2,4,45 45 45 45
135,EMT,23.4,11.3,3444.2,4,45 45 45 45
136,EMT,23.4,11.3,3444.2,4,45 45 45 45
137,EMT,29.5,11.3,3444.2,4,45 45 45 45
138,EMT,23.4,11.3,3444.2,4,45 45 45 45
139,EMT,23.4,10.04,3060.7,1,90
140,EMT,55.8,9.83,2997.2,0,
141,EMT,55.8,9.83,2997.2,0,
142,EMT,55.8,9.83,2997.2,0,
143,EMT,55.8,9.83,2997.2,0,
144,EMT,55.8,9.83,2997.2,0,
145,EMT,55.8,9.83,2997.2,0,
146,EMT,55.8,9.83,2997.2,0,
147,EMT,55.8,9.83,2997.2,0,
148,EMT,55.8,9.83,2997.2,0,
149,EMT,55.8,9.83,2997.2,0,
150,EMT,55.8,9.83,2997.2,0,
151,EMT,55.8,9.83,2997.2,0,
152,EMT,55.8,9.83,2997.2,0,
153,EMT,55.8,9.83,2997.2,0,
154,EMT,55.8,9.83,2997.2,0,
155,EMT,55.8,9.83,2997.2,0,
156,EMT,55.8,9.83,2997.2,0,
157,EMT,55.8,9.83,2997.2,0,
158,EMT,55.8,9.83,2997.2,0,
159,EMT,23.4,9.28,2828.9,1,90
160,EMT,23.4,7.94,2419.2,4,45 45 45 45
161,EMT,55.8,7.83,2387.6,1,90
162,EMT,23.4,6.0,1828.8,0,
163,EMT,23.4,5.56,1693.9,0,
164,EMT,23.4,4.33,1320.8,0,
165,EMT,23.4,4.33,1320.8,0,
166,EMT,23.4,4.33,1320.8,0,
167,EMT,23.4,4.33,1320.8,0,
168,EMT,23.4,4.33,1320.8,0,
169,EMT,23.4,4.33,1320.8,0,
170,EMT,23.4,4.33,1320.8,0,
171,EMT,23.4,4.33,1320.8,0,
172,EMT,23.4,4.33,1320.8,0,
173,EMT,23.4,4.33,1320.8,0,
174,EMT,23.4,4.33,1320.8,0,
175,EMT,29.5,4.33,1320.8,0,
176,EMT,23.4,4.33,1320.8,0,
177,EMT,23.4,4.33,1320.8,0,
178,EMT,23.4,4.33,1320.8,0,
179,EMT,23.4,4.33,1320.8,0,
180,EMT,23.4,4.0,1219.2,0,
181,EMT,23.4,1.7,518.0,0,
182,EMT,23.4,1.7,518.0,0,
183,EMT,23.4,1.7,518.0,0,
184,EMT,23.4,1.7,518.0,0,
185,EMT,23.4,1.7,518.0,0,
186,EMT,23.4,1.7,518.0,0,
187,EMT,23.4,1.7,518.0,0,
188,EMT,23.4,1.7,518.0,0,
189,EMT,29.5,1.67,508.0,0,
190,EMT,23.4,1.63,498.0,0,
191,EMT,23.4,1.63,498.0,0,
192,EMT,23.4,1.63,498.0,0,
193,EMT,23.4,1.63,498.0,0,
194,EMT,23.4,1.63,498.0,0,
195,EMT,23.4,1.63,498.0,0,
196,EMT,23.4,1.63,498.0,0,
197,EMT,23.4,1.63,498.0,0,
198,EMT,55.8,1.5,457.2,0,
199,EMT,55.8,1.5,457.2,0,
200,EMT,55.8,1.5,457.2,0,
201,EMT,55.8,1.5,457.2,0,
202,EMT,55.8,0.63,191.4,0,
203,EMT,55.8,0.56,171.9,0,
204,EMT,55.8,0.56,171.9,0,
205,EMT,55.8,0.55,168.9,0,
206,EMT,55.8,0.52,159.0,0,
207,EMT,55.8,0.43,129.8,0,
208,EMT,55.8,0.37,112.2,0,
