run,piece,pieces_in_run,length_ft,cut_length_ft,start_coupler,end_coupler,num_bends,operations,instructions
1,1,19,9.42,9.08,0,1,1,90° bend,"feed 3 ft 8-1/2 in, bend 90 (roll 0) ; tail 4 ft 1-1/2 in"
1,2,19,9.86,9.81,1,1,2,30° bend; 45° bend,"feed 3-7/16 in, bend 30 (roll 90 CW) ; feed 5 ft 10-1/2 in, bend 45 (roll 180) ; tail 2 ft 7-3/8 in"
1,3,19,10.0,9.97,1,1,1,45° bend,"feed 2-1/16 in, bend 45 (roll 0) ; tail 9 ft 2-1/16 in"
1,4,19,10.0,10.0,1,1,0,,tail 10 ft
1,5,19,10.0,10.0,1,1,0,,tail 10 ft
1,6,19,10.0,9.99,1,1,1,30° bend,"feed 6 ft 9-1/8 in, bend 30 (roll 90 CW) ; tail 2 ft 9-3/4 in"
1,7,19,10.0,9.99,1,1,1,30° bend,"feed 1 ft 4-11/16 in, bend 30 (roll 180) ; tail 8 ft 2-3/16 in"
1,8,19,10.0,10.0,1,1,0,,tail 10 ft
1,9,19,10.0,10.0,1,1,0,,tail 10 ft
1,10,19,10.0,10.0,1,1,0,,tail 10 ft
1,11,19,10.0,10.0,1,1,0,,tail 10 ft
1,12,19,10.0,10.0,1,1,0,,tail 10 ft
1,13,19,10.0,10.0,1,1,0,,tail 10 ft
1,14,19,10.0,10.0,1,1,0,,tail 10 ft
1,15,19,10.0,10.0,1,1,0,,tail 10 ft
1,16,19,10.0,10.0,1,1,0,,tail 10 ft
1,17,19,10.0,9.75,1,1,1,82.6° bend,"feed 7 ft 2-1/8 in, bend 82.6 (roll 90 CCW) ; tail 1 ft 5-3/16 in"
1,18,19,10.0,10.0,1,1,0,,tail 10 ft
1,19,19,1.45,1.45,1,0,0,,tail 1 ft 5-3/8 in
2,1,15,10.0,10.0,0,1,0,,tail 10 ft
2,2,15,10.0,9.66,1,1,1,90° bend,"feed 8 in, bend 90 (roll 0) ; tail 7 ft 9 in"
2,3,15,10.0,10.0,1,1,0,,tail 10 ft
2,4,15,10.0,10.0,1,1,0,,tail 10 ft
2,5,15,10.0,10.0,1,1,0,,tail 10 ft
2,6,15,10.0,10.0,1,1,0,,tail 10 ft
2,7,15,10.0,10.0,1,1,0,,tail 10 ft
2,8,15,10.0,10.0,1,1,0,,tail 10 ft
2,9,15,10.0,10.0,1,1,0,,tail 10 ft
2,10,15,10.0,10.0,1,1,0,,tail 10 ft
2,11,15,10.0,10.0,1,1,0,,tail 10 ft
2,12,15,10.0,10.0,1,1,0,,tail 10 ft
2,13,15,10.0,9.66,1,1,1,90° bend,"feed 6 ft 8-1/8 in, bend 90 (roll 180) ; tail 1 ft 8-7/8 in"
2,14,15,10.0,9.66,1,1,1,90° bend,"feed 1 ft 3-1/8 in, bend 90 (roll 90 CW) ; tail 7 ft 1-7/8 in"
2,15,15,3.38,3.38,1,0,0,,tail 3 ft 4-5/8 in
3,1,15,10.0,10.0,0,1,0,,tail 10 ft
3,2,15,10.0,9.66,1,1,1,90° bend,"feed 1 ft, bend 90 (roll 0) ; tail 7 ft 5 in"
3,3,15,10.0,10.0,1,1,0,,tail 10 ft
3,4,15,10.0,10.0,1,1,0,,tail 10 ft
3,5,15,10.0,10.0,1,1,0,,tail 10 ft
3,6,15,10.0,10.0,1,1,0,,tail 10 ft
3,7,15,10.0,10.0,1,1,0,,tail 10 ft
3,8,15,10.0,10.0,1,1,0,,tail 10 ft
3,9,15,10.0,10.0,1,1,0,,tail 10 ft
3,10,15,10.0,10.0,1,1,0,,tail 10 ft
3,11,15,10.0,10.0,1,1,0,,tail 10 ft
3,12,15,10.0,10.0,1,1,0,,tail 10 ft
3,13,15,10.0,9.66,1,1,1,90° bend,"feed 6 ft 11-1/8 in, bend 90 (roll 180) ; tail 1 ft 5-7/8 in"
3,14,15,10.0,9.66,1,1,1,90° bend,"feed 1 ft 2-1/8 in, bend 90 (roll 90 CW) ; tail 7 ft 2-7/8 in"
3,15,15,3.3,3.3,1,0,0,,tail 3 ft 3-5/8 in
4,1,15,10.0,10.0,0,1,0,,tail 10 ft
4,2,15,10.0,9.66,1,1,1,90° bend,"feed 1 ft 4 in, bend 90 (roll 0) ; tail 7 ft 1 in"
4,3,15,10.0,10.0,1,1,0,,tail 10 ft
4,4,15,10.0,10.0,1,1,0,,tail 10 ft
4,5,15,10.0,10.0,1,1,0,,tail 10 ft
4,6,15,10.0,10.0,1,1,0,,tail 10 ft
4,7,15,10.0,10.0,1,1,0,,tail 10 ft
4,8,15,10.0,10.0,1,1,0,,tail 10 ft
4,9,15,10.0,10.0,1,1,0,,tail 10 ft
4,10,15,10.0,10.0,1,1,0,,tail 10 ft
4,11,15,10.0,10.0,1,1,0,,tail 10 ft
4,12,15,10.0,10.0,1,1,0,,tail 10 ft
4,13,15,10.0,9.66,1,1,1,90° bend,"feed 6 ft 11-1/8 in, bend 90 (roll 180) ; tail 1 ft 5-7/8 in"
4,14,15,10.0,9.66,1,1,1,90° bend,"feed 10-1/8 in, bend 90 (roll 90 CW) ; tail 7 ft 6-7/8 in"
4,15,15,2.97,2.97,1,0,0,,tail 2 ft 11-5/8 in
5,1,15,10.0,10.0,0,1,0,,tail 10 ft
5,2,15,10.0,9.66,1,1,1,90° bend,"feed 1 ft 8 in, bend 90 (roll 0) ; tail 6 ft 9 in"
5,3,15,10.0,10.0,1,1,0,,tail 10 ft
5,4,15,10.0,10.0,1,1,0,,tail 10 ft
5,5,15,10.0,10.0,1,1,0,,tail 10 ft
5,6,15,10.0,10.0,1,1,0,,tail 10 ft
5,7,15,10.0,10.0,1,1,0,,tail 10 ft
5,8,15,10.0,10.0,1,1,0,,tail 10 ft
5,9,15,10.0,10.0,1,1,0,,tail 10 ft
5,10,15,10.0,10.0,1,1,0,,tail 10 ft
5,11,15,10.0,10.0,1,1,0,,tail 10 ft
5,12,15,10.0,10.0,1,1,0,,tail 10 ft
5,13,15,10.0,9.66,1,1,1,90° bend,"feed 7 ft 2-1/8 in, bend 90 (roll 180) ; tail 1 ft 2-7/8 in"
5,14,15,10.0,9.66,1,1,1,90° bend,"feed 9-1/8 in, bend 90 (roll 90 CW) ; tail 7 ft 7-7/8 in"
5,15,15,2.88,2.88,1,0,0,,tail 2 ft 10-5/8 in
6,1,14,10.0,9.66,0,1,1,90° bend,"feed 3 ft 11 in, bend 90 (roll 0) ; tail 4 ft 6 in"
6,2,14,10.0,9.66,1,1,1,90° bend,"feed 4 ft 8-1/2 in, bend 90 (roll 90 CCW) ; tail 3 ft 8-1/2 in"
6,3,14,10.0,10.0,1,1,0,,tail 10 ft
6,4,14,10.0,10.0,1,1,0,,tail 10 ft
6,5,14,10.0,10.0,1,1,0,,tail 10 ft
6,6,14,10.0,10.0,1,1,0,,tail 10 ft
6,7,14,10.0,10.0,1,1,0,,tail 10 ft
6,8,14,10.0,10.0,1,1,0,,tail 10 ft
6,9,14,10.0,10.0,1,1,0,,tail 10 ft
6,10,14,10.0,10.0,1,1,0,,tail 10 ft
6,11,14,10.0,10.0,1,1,0,,tail 10 ft
6,12,14,10.0,10.0,1,1,0,,tail 10 ft
6,13,14,10.0,9.66,1,1,1,90° bend,"feed 4 ft 6-1/16 in, bend 90 (roll 180) ; tail 3 ft 10-15/16 in"
6,14,14,9.94,9.6,1,0,1,90° bend,"feed 7 ft 1-1/16 in, bend 90 (roll 0) ; tail 1 ft 3-1/4 in"
7,1,14,10.0,9.66,0,1,1,90° bend,"feed 4 ft 4-1/2 in, bend 90 (roll 0) ; tail 4 ft 1/2 in"
7,2,14,10.0,10.0,1,1,0,,tail 10 ft
7,3,14,10.0,9.66,1,1,1,90° bend,"feed 3 ft 1-1/4 in, bend 90 (roll 90 CCW) ; tail 5 ft 3-3/4 in"
7,4,14,10.0,10.0,1,1,0,,tail 10 ft
7,5,14,10.0,10.0,1,1,0,,tail 10 ft
7,6,14,10.0,10.0,1,1,0,,tail 10 ft
7,7,14,10.0,10.0,1,1,0,,tail 10 ft
7,8,14,10.0,10.0,1,1,0,,tail 10 ft
7,9,14,10.0,10.0,1,1,0,,tail 10 ft
7,10,14,10.0,10.0,1,1,0,,tail 10 ft
7,11,14,10.0,10.0,1,1,0,,tail 10 ft
7,12,14,10.0,9.32,1,1,2,90° bend; 90° bend,"feed 3 ft 4-13/16 in, bend 90 (roll 180) ; feed 3 ft 4 in, bend 90 (roll 90 CW) ; tail 1-3/16 in"
7,13,14,9.95,9.95,1,1,0,,tail 9 ft 11-5/16 in
7,14,14,0.5,0.5,1,0,0,,tail 6 in
8,1,13,10.0,9.66,0,1,1,90° bend,"feed 4 ft 6 in, bend 90 (roll 0) ; tail 3 ft 11 in"
8,2,13,10.0,9.66,1,1,1,90° bend,"feed 4 ft 3-1/4 in, bend 90 (roll 90 CCW) ; tail 4 ft 1-3/4 in"
8,3,13,10.0,10.0,1,1,0,,tail 10 ft
8,4,13,10.0,10.0,1,1,0,,tail 10 ft
8,5,13,10.0,10.0,1,1,0,,tail 10 ft
8,6,13,10.0,10.0,1,1,0,,tail 10 ft
8,7,13,10.0,10.0,1,1,0,,tail 10 ft
8,8,13,10.0,10.0,1,1,0,,tail 10 ft
8,9,13,10.0,10.0,1,1,0,,tail 10 ft
8,10,13,10.0,10.0,1,1,0,,tail 10 ft
8,11,13,10.0,10.0,1,1,0,,tail 10 ft
8,12,13,10.0,10.0,1,1,0,,tail 10 ft
8,13,13,8.09,8.09,1,0,0,,tail 8 ft 1-1/16 in
9,1,13,10.0,10.0,0,1,0,,tail 10 ft
9,2,13,10.0,10.0,1,1,0,,tail 10 ft
9,3,13,10.0,10.0,1,1,0,,tail 10 ft
9,4,13,10.0,10.0,1,1,0,,tail 10 ft
9,5,13,10.0,10.0,1,1,0,,tail 10 ft
9,6,13,10.0,10.0,1,1,0,,tail 10 ft
9,7,13,10.0,10.0,1,1,0,,tail 10 ft
9,8,13,10.0,10.0,1,1,0,,tail 10 ft
9,9,13,10.0,10.0,1,1,0,,tail 10 ft
9,10,13,10.0,10.0,1,1,0,,tail 10 ft
9,11,13,10.0,10.0,1,1,0,,tail 10 ft
9,12,13,10.0,9.66,1,1,2,90° bend; 14° bend,"feed 1 ft 1-1/2 in, bend 90 (roll 0) ; feed 4 ft 8-3/16 in, bend 14 (roll 180) ; tail 2 ft 5 in"
9,13,13,7.7,7.36,1,0,1,90° bend,"feed 1 ft 3-3/8 in, bend 90 (roll 90 CCW) ; tail 4 ft 10 in"
10,1,13,10.0,10.0,0,1,0,,tail 10 ft
10,2,13,10.0,10.0,1,1,0,,tail 10 ft
10,3,13,10.0,10.0,1,1,0,,tail 10 ft
10,4,13,10.0,10.0,1,1,0,,tail 10 ft
10,5,13,10.0,10.0,1,1,0,,tail 10 ft
10,6,13,10.0,10.0,1,1,0,,tail 10 ft
10,7,13,10.0,10.0,1,1,0,,tail 10 ft
10,8,13,10.0,10.0,1,1,0,,tail 10 ft
10,9,13,10.0,10.0,1,1,0,,tail 10 ft
10,10,13,10.0,10.0,1,1,0,,tail 10 ft
10,11,13,10.0,10.0,1,1,0,,tail 10 ft
10,12,13,10.0,9.66,1,1,2,90° bend; 10° bend,"feed 1 ft 2-5/16 in, bend 90 (roll 0) ; feed 3 ft 7-9/16 in, bend 10 (roll 180) ; tail 3 ft 5-1/2 in"
10,13,13,7.47,7.13,1,0,1,90° bend,"feed 1 ft 8-3/16 in, bend 90 (roll 90 CCW) ; tail 4 ft 2-1/2 in"
11,1,13,10.0,9.66,0,1,1,90° bend,"feed 4 ft 3-1/2 in, bend 90 (roll 0) ; tail 4 ft 1-1/2 in"
11,2,13,10.0,10.0,1,1,0,,tail 10 ft
11,3,13,10.0,9.93,1,1,2,45° bend; 45° bend,"feed 1 ft 9-1/16 in, bend 45 (roll 90 CCW) ; feed 2 ft 2-11/16 in, bend 45 (roll 0) ; tail 4 ft 8-1/2 in"
11,4,13,10.0,10.0,1,1,0,,tail 10 ft
11,5,13,10.0,10.0,1,1,0,,tail 10 ft
11,6,13,10.0,10.0,1,1,0,,tail 10 ft
11,7,13,10.0,10.0,1,1,0,,tail 10 ft
11,8,13,10.0,10.0,1,1,0,,tail 10 ft
11,9,13,10.0,10.0,1,1,0,,tail 10 ft
11,10,13,10.0,10.0,1,1,0,,tail 10 ft
11,11,13,10.0,10.0,1,1,0,,tail 10 ft
11,12,13,10.0,9.75,1,1,2,7.5° bend; 82.6° bend,"feed 6-11/16 in, bend 7.5 (roll 90 CW) ; feed 1 ft 9-1/2 in, bend 82.6 (roll 90 CW) ; tail 6 ft 1-13/16 in"
11,13,13,7.23,7.23,1,0,0,,tail 7 ft 2-3/4 in
12,1,13,10.0,9.66,0,1,2,90° bend; 22.5° bend,"feed 3 ft 10-1/2 in, bend 90 (roll 0) ; feed 1 ft 3-7/8 in, bend 22.5 (roll 90 CW) ; tail 2 ft 10-13/16 in"
12,2,13,10.0,9.66,1,1,1,90° bend,"feed 5 ft 4-3/16 in, bend 90 (roll 0) ; tail 3 ft 13/16 in"
12,3,13,10.0,10.0,1,1,0,,tail 10 ft
12,4,13,10.0,10.0,1,1,0,,tail 10 ft
12,5,13,10.0,10.0,1,1,0,,tail 10 ft
12,6,13,10.0,10.0,1,1,0,,tail 10 ft
12,7,13,10.0,10.0,1,1,0,,tail 10 ft
12,8,13,10.0,10.0,1,1,0,,tail 10 ft
12,9,13,10.0,10.0,1,1,0,,tail 10 ft
12,10,13,10.0,10.0,1,1,0,,tail 10 ft
12,11,13,10.0,10.0,1,1,0,,tail 10 ft
12,12,13,10.0,10.0,1,1,0,,tail 10 ft
12,13,13,5.92,5.92,1,0,0,,tail 5 ft 11 in
13,1,13,10.0,9.66,0,1,2,90° bend; 10° bend,"feed 4 ft 10 in, bend 90 (roll 0) ; feed 2 ft 4-11/16 in, bend 10 (roll 90 CW) ; tail 1 ft 11/16 in"
13,2,13,10.0,9.66,1,1,1,90° bend,"feed 4 ft 4-15/16 in, bend 90 (roll 0) ; tail 4 ft 1/16 in"
13,3,13,10.0,10.0,1,1,0,,tail 10 ft
13,4,13,10.0,10.0,1,1,0,,tail 10 ft
13,5,13,10.0,10.0,1,1,0,,tail 10 ft
13,6,13,10.0,10.0,1,1,0,,tail 10 ft
13,7,13,10.0,10.0,1,1,0,,tail 10 ft
13,8,13,10.0,10.0,1,1,0,,tail 10 ft
13,9,13,10.0,10.0,1,1,0,,tail 10 ft
13,10,13,10.0,10.0,1,1,0,,tail 10 ft
13,11,13,10.0,10.0,1,1,0,,tail 10 ft
13,12,13,10.0,10.0,1,1,0,,tail 10 ft
13,13,13,4.6,4.6,1,0,0,,tail 4 ft 7-3/16 in
14,1,13,10.0,9.66,0,1,1,90° bend,"feed 4 ft 11-1/2 in, bend 90 (roll 0) ; tail 3 ft 5-1/2 in"
14,2,13,10.0,9.66,1,1,2,6° bend; 90° bend,"feed 6-1/16 in, bend 6 (roll 90 CCW) ; feed 3 ft 8 in, bend 90 (roll 0) ; tail 4 ft 1-15/16 in"
14,3,13,10.0,10.0,1,1,0,,tail 10 ft
14,4,13,10.0,10.0,1,1,2,"10° offset — 3-11/16 in rise, 5/16 in shrink (×5.76)","feed 9-3/8 in, bend 10 (roll 90 CW) ; feed 1 ft 9-3/8 in, bend 10 (roll 180) ; tail 7 ft 1-15/16 in"
14,5,13,10.0,10.0,1,1,0,,tail 10 ft
14,6,13,10.0,10.0,1,1,0,,tail 10 ft
14,7,13,10.0,10.0,1,1,0,,tail 10 ft
14,8,13,10.0,10.0,1,1,0,,tail 10 ft
14,9,13,10.0,10.0,1,1,0,,tail 10 ft
14,10,13,10.0,10.0,1,1,0,,tail 10 ft
14,11,13,10.0,10.0,1,1,0,,tail 10 ft
14,12,13,10.0,10.0,1,1,0,,tail 10 ft
14,13,13,4.35,4.35,1,0,0,,tail 4 ft 4-1/4 in
15,1,13,10.0,9.66,0,1,1,90° bend,"feed 3 ft 11 in, bend 90 (roll 0) ; tail 4 ft 6 in"
15,2,13,10.0,9.66,1,1,1,90° bend,"feed 5 ft 10-7/16 in, bend 90 (roll 90 CCW) ; tail 2 ft 6-9/16 in"
15,3,13,10.0,10.0,1,1,0,,tail 10 ft
15,4,13,10.0,10.0,1,1,0,,tail 10 ft
15,5,13,10.0,10.0,1,1,0,,tail 10 ft
15,6,13,10.0,10.0,1,1,0,,tail 10 ft
15,7,13,10.0,10.0,1,1,0,,tail 10 ft
15,8,13,10.0,10.0,1,1,0,,tail 10 ft
15,9,13,10.0,10.0,1,1,0,,tail 10 ft
15,10,13,10.0,10.0,1,1,0,,tail 10 ft
15,11,13,10.0,9.66,1,1,1,90° bend,"feed 6 ft 7-7/8 in, bend 90 (roll 180) ; tail 1 ft 9-1/8 in"
15,12,13,10.0,10.0,1,1,0,,tail 10 ft
15,13,13,3.09,2.85,1,0,1,90° bend,"feed 1-1/8 in, bend 90 (roll 0) ; tail 1 ft 7-1/4 in"
16,1,12,10.0,10.0,0,1,0,,tail 10 ft
16,2,12,10.0,10.0,1,1,0,,tail 10 ft
16,3,12,10.0,10.51,1,1,1,90° bend,"feed 1 ft 7 in, bend 90 (roll 0) ; tail 6 ft 7 in"
16,4,12,10.0,10.0,1,1,0,,tail 10 ft
16,5,12,10.0,10.0,1,1,0,,tail 10 ft
16,6,12,10.0,10.0,1,1,0,,tail 10 ft
16,7,12,10.0,10.0,1,1,0,,tail 10 ft
16,8,12,10.0,10.0,1,1,0,,tail 10 ft
16,9,12,10.0,10.0,1,1,0,,tail 10 ft
16,10,12,10.0,10.0,1,1,0,,tail 10 ft
16,11,12,10.0,9.97,1,1,1,30° bend,"feed 3-7/16 in, bend 30 (roll 90 CCW) ; tail 8 ft 4-7/16 in"
16,12,12,7.35,6.93,1,0,1,90° bend,"feed 7-3/4 in, bend 90 (roll 90 CW) ; tail 3 ft"
17,1,12,9.72,9.37,0,1,2,90° bend; 22.5° bend,"feed 5 ft 3-1/2 in, bend 90 (roll 0) ; feed 1 ft 11-5/8 in, bend 22.5 (roll 0) ; tail 6-3/4 in"
17,2,12,10.0,9.65,1,1,4,"22.5° bend; 22.5° offset — 4-1/8 in rise, 13/16 in shrink (×2.61); 90° bend","feed 4-1/8 in, bend 22.5 (roll 180) ; feed 9-3/4 in, bend 22.5 (roll 0) ; feed 10-13/16 in, bend 22.5 (roll 180) ; feed 2 ft 7-1/8 in, bend 90 (roll 90 CCW) ; tail 2 ft 9-7/8 in"
17,3,12,10.0,10.0,1,1,0,,tail 10 ft
17,4,12,10.0,10.0,1,1,0,,tail 10 ft
17,5,12,10.0,10.0,1,1,0,,tail 10 ft
17,6,12,10.0,10.0,1,1,0,,tail 10 ft
17,7,12,10.0,10.0,1,1,0,,tail 10 ft
17,8,12,10.0,10.0,1,1,0,,tail 10 ft
17,9,12,10.0,10.0,1,1,0,,tail 10 ft
17,10,12,10.0,10.0,1,1,0,,tail 10 ft
17,11,12,10.0,10.0,1,1,0,,tail 10 ft
17,12,12,7.09,7.09,1,0,0,,tail 7 ft 1-1/16 in
18,1,12,10.0,10.0,0,1,0,,tail 10 ft
18,2,12,10.0,10.0,1,1,0,,tail 10 ft
18,3,12,10.0,10.51,1,1,1,90° bend,"feed 1 ft 7 in, bend 90 (roll 0) ; tail 6 ft 7 in"
18,4,12,10.0,10.0,1,1,0,,tail 10 ft
18,5,12,10.0,10.0,1,1,0,,tail 10 ft
18,6,12,10.0,10.0,1,1,0,,tail 10 ft
18,7,12,10.0,10.0,1,1,0,,tail 10 ft
18,8,12,10.0,10.0,1,1,0,,tail 10 ft
18,9,12,9.84,9.84,1,1,0,,tail 9 ft 10-1/8 in
18,10,12,10.0,10.0,1,1,1,12.5° bend,"feed 2-11/16 in, bend 12.5 (roll 90 CCW) ; tail 9 ft 2-11/16 in"
18,11,12,10.0,10.53,1,1,1,90° bend,"feed 6 ft 7-3/16 in, bend 90 (roll 90 CW) ; tail 1 ft 7-3/16 in"
18,12,12,4.6,4.6,1,0,0,,tail 4 ft 7-3/16 in
19,1,12,10.0,9.66,0,1,1,90° bend,"feed 2 ft 5-1/2 in, bend 90 (roll 0) ; tail 5 ft 11-1/2 in"
19,2,12,10.0,9.66,1,1,1,90° bend,"feed 1 ft 1/4 in, bend 90 (roll 90 CCW) ; tail 7 ft 4-3/4 in"
19,3,12,10.0,10.0,1,1,0,,tail 10 ft
19,4,12,10.0,10.0,1,1,0,,tail 10 ft
19,5,12,10.0,10.0,1,1,0,,tail 10 ft
19,6,12,10.0,10.0,1,1,0,,tail 10 ft
19,7,12,10.0,10.0,1,1,0,,tail 10 ft
19,8,12,10.0,10.0,1,1,0,,tail 10 ft
19,9,12,10.0,10.0,1,1,0,,tail 10 ft
19,10,12,10.0,10.0,1,1,0,,tail 10 ft
19,11,12,10.0,9.99,1,1,2,"22.5° offset — 9-3/4 in rise, 1-15/16 in shrink (×2.61)","feed 5 ft 1-3/4 in, bend 22.5 (roll 90 CW) ; feed 2 ft 1-7/16 in, bend 22.5 (roll 180) ; tail 2 ft 1-1/4 in"
19,12,12,2.72,2.72,1,0,0,,tail 2 ft 8-9/16 in
20,1,12,10.0,9.66,0,1,1,90° bend,"feed 3 ft 2-1/2 in, bend 90 (roll 0) ; tail 5 ft 2-1/2 in"
20,2,12,10.0,9.9,1,1,2,60° bend; 30° bend,"feed 9-3/4 in, bend 60 (roll 90 CCW) ; feed 2 ft 3/4 in, bend 30 (roll 0) ; tail 5 ft 9-7/16 in"
20,3,12,10.0,9.97,1,1,1,45° bend,"feed 7 ft 1-15/16 in, bend 45 (roll 180) ; tail 2 ft 2-3/16 in"
20,4,12,10.0,9.97,1,1,1,45° bend,"feed 2-5/16 in, bend 45 (roll 0) ; tail 9 ft 1-7/8 in"
20,5,12,10.0,10.0,1,1,0,,tail 10 ft
20,6,12,10.0,10.0,1,1,0,,tail 10 ft
20,7,12,10.0,9.99,1,1,1,30° bend,"feed 6 ft 6-7/8 in, bend 30 (roll 90 CW) ; tail 3 ft 1/16 in"
20,8,12,10.0,9.99,1,1,1,30° bend,"feed 6-1/2 in, bend 30 (roll 180) ; tail 9 ft 7/16 in"
20,9,12,10.0,10.0,1,1,0,,tail 10 ft
20,10,12,10.0,9.93,1,1,2,45° bend; 45° bend,"feed 5 ft 6 in, bend 45 (roll 90 CW) ; feed 2 ft 9-5/16 in, bend 45 (roll 0) ; tail 5 in"
20,11,12,10.0,9.65,1,1,2,30° bend; 90° bend,"feed 2 ft 10-9/16 in, bend 30 (roll 0) ; feed 1 ft 8-3/4 in, bend 90 (roll 90 CW) ; tail 3 ft 4-5/8 in"
20,12,12,1.24,1.24,1,0,0,,tail 1 ft 2-7/8 in
21,1,11,10.0,9.63,0,1,2,90° bend; 45° bend,"feed 4 ft 3-1/2 in, bend 90 (roll 0) ; feed 1 ft 11-13/16 in, bend 45 (roll 90 CW) ; tail 1 ft 5-7/8 in"
21,2,11,10.0,9.93,1,1,2,45° bend; 45° bend,"feed 5 ft 3-1/4 in, bend 45 (roll 180) ; feed 1 ft 7-3/4 in, bend 45 (roll 0) ; tail 1 ft 9-1/4 in"
21,3,11,10.0,10.0,1,1,0,,tail 10 ft
21,4,11,10.0,10.0,1,1,0,,tail 10 ft
21,5,11,10.0,10.0,1,1,0,,tail 10 ft
21,6,11,10.0,10.0,1,1,0,,tail 10 ft
21,7,11,10.0,10.0,1,1,0,,tail 10 ft
21,8,11,10.0,10.0,1,1,0,,tail 10 ft
21,9,11,10.0,10.0,1,1,0,,tail 10 ft
21,10,11,10.0,9.75,1,1,2,10° bend; 82.7° bend,"feed 2 ft 11-13/16 in, bend 10 (roll 90 CW) ; feed 1 ft 1-5/16 in, bend 82.7 (roll 90 CW) ; tail 4 ft 4-7/16 in"
21,11,11,9.97,9.97,1,0,0,,tail 9 ft 11-11/16 in
22,1,11,10.0,9.63,0,1,2,90° bend; 45° bend,"feed 4 ft 3-1/2 in, bend 90 (roll 0) ; feed 1 ft 3-3/4 in, bend 45 (roll 90 CW) ; tail 2 ft 1-7/8 in"
22,2,11,10.0,9.93,1,1,2,45° bend; 45° bend,"feed 2 ft 2-1/16 in, bend 45 (roll 180) ; feed 2 ft 2-1/8 in, bend 45 (roll 0) ; tail 4 ft 4-1/16 in"
22,3,11,10.0,10.0,1,1,0,,tail 10 ft
22,4,11,10.0,10.0,1,1,0,,tail 10 ft
22,5,11,10.0,10.0,1,1,0,,tail 10 ft
22,6,11,10.0,10.0,1,1,0,,tail 10 ft
22,7,11,10.0,10.0,1,1,0,,tail 10 ft
22,8,11,10.0,10.0,1,1,0,,tail 10 ft
22,9,11,10.0,10.0,1,1,0,,tail 10 ft
22,10,11,10.0,9.75,1,1,1,82.6° bend,"feed 1 ft 9-15/16 in, bend 82.6 (roll 180) ; tail 6 ft 9-3/8 in"
22,11,11,7.06,7.06,1,0,0,,tail 7 ft 11/16 in
23,1,11,10.0,9.66,0,1,1,90° bend,"feed 3 ft 11 in, bend 90 (roll 0) ; tail 4 ft 6 in"
23,2,11,10.0,9.66,1,1,1,90° bend,"feed 2 ft 5-11/16 in, bend 90 (roll 90 CCW) ; tail 5 ft 11-5/16 in"
23,3,11,10.0,10.0,1,1,0,,tail 10 ft
23,4,11,10.0,10.0,1,1,0,,tail 10 ft
23,5,11,10.0,10.0,1,1,0,,tail 10 ft
23,6,11,10.0,10.0,1,1,0,,tail 10 ft
23,7,11,10.0,10.0,1,1,0,,tail 10 ft
23,8,11,10.0,10.0,1,1,0,,tail 10 ft
23,9,11,10.0,9.66,1,1,1,90° bend,"feed 7 ft 2-9/16 in, bend 90 (roll 180) ; tail 1 ft 2-7/16 in"
23,10,11,10.0,10.0,1,1,0,,tail 10 ft
23,11,11,4.65,4.31,1,0,1,90° bend,"feed 1 ft 1-5/8 in, bend 90 (roll 0) ; tail 1 ft 11-1/4 in"
24,1,11,10.0,9.66,0,1,1,90° bend,"feed 4 ft 7-1/2 in, bend 90 (roll 0) ; tail 3 ft 9-1/2 in"
24,2,11,10.0,9.66,1,1,1,90° bend,"feed 2 ft 1-1/2 in, bend 90 (roll 90 CW) ; tail 6 ft 3-1/2 in"
24,3,11,10.0,10.0,1,1,0,,tail 10 ft
24,4,11,10.0,10.0,1,1,0,,tail 10 ft
24,5,11,10.0,10.0,1,1,0,,tail 10 ft
24,6,11,10.0,10.0,1,1,0,,tail 10 ft
24,7,11,10.0,10.0,1,1,0,,tail 10 ft
24,8,11,10.0,10.0,1,1,0,,tail 10 ft
24,9,11,10.0,10.0,1,1,0,,tail 10 ft
24,10,11,10.0,10.0,1,1,0,,tail 10 ft
24,11,11,4.51,4.51,1,0,0,,tail 4 ft 6-3/16 in
25,1,11,10.0,10.0,0,1,0,,tail 10 ft
25,2,11,10.0,10.0,1,1,0,,tail 10 ft
25,3,11,10.0,10.0,1,1,0,,tail 10 ft
25,4,11,10.0,10.0,1,1,0,,tail 10 ft
25,5,11,10.0,10.0,1,1,0,,tail 10 ft
25,6,11,10.0,10.0,1,1,0,,tail 10 ft
25,7,11,10.0,10.0,1,1,0,,tail 10 ft
25,8,11,10.0,10.0,1,1,0,,tail 10 ft
25,9,11,10.0,10.0,1,1,0,,tail 10 ft
25,10,11,10.0,9.32,1,1,2,90° bend; 90° bend,"feed 10-9/16 in, bend 90 (roll 0) ; feed 4 ft 11 in, bend 90 (roll 90 CCW) ; tail 1 ft 7/16 in"
25,11,11,3.59,3.59,1,0,0,,tail 3 ft 7-1/16 in
26,1,11,10.0,10.0,0,1,0,,tail 10 ft
26,2,11,10.0,10.0,1,1,0,,tail 10 ft
26,3,11,10.0,10.0,1,1,0,,tail 10 ft
26,4,11,10.0,10.0,1,1,0,,tail 10 ft
26,5,11,10.0,10.0,1,1,0,,tail 10 ft
26,6,11,10.0,10.0,1,1,0,,tail 10 ft
26,7,11,10.0,10.0,1,1,0,,tail 10 ft
26,8,11,10.0,10.0,1,1,0,,tail 10 ft
26,9,11,10.0,10.0,1,1,0,,tail 10 ft
26,10,11,10.0,9.32,1,1,2,90° bend; 90° bend,"feed 9-7/8 in, bend 90 (roll 0) ; feed 4 ft 1-1/4 in, bend 90 (roll 90 CW) ; tail 1 ft 10-7/8 in"
26,11,11,3.05,3.05,1,0,0,,tail 3 ft 5/8 in
27,1,11,9.67,9.33,0,1,1,90° bend,"feed 2 ft 10-1/2 in, bend 90 (roll 0) ; tail 5 ft 2-1/2 in"
27,2,11,9.82,9.76,1,1,4,"90° bend; 22.5° offset — 3-9/16 in rise, 11/16 in shrink (×2.61); 22.5° bend","feed 3-1/2 in, bend 90 (roll 90 CW) ; feed 4 ft 3/16 in, bend 22.5 (roll 90 CCW) ; feed 9-5/16 in, bend 22.5 (roll 180) ; feed 2 ft 4-5/16 in, bend 22.5 (roll 0) ; tail 5-3/16 in"
27,3,11,10.0,10.0,1,1,1,22.5° bend,"feed 4-1/8 in, bend 22.5 (roll 180) ; tail 9 ft 4-1/8 in"
27,4,11,10.0,10.0,1,1,0,,tail 10 ft
27,5,11,10.0,10.0,1,1,0,,tail 10 ft
27,6,11,10.0,10.0,1,1,0,,tail 10 ft
27,7,11,10.0,10.0,1,1,0,,tail 10 ft
27,8,11,10.0,10.0,1,1,0,,tail 10 ft
27,9,11,10.0,10.0,1,1,0,,tail 10 ft
27,10,11,10.0,9.99,1,1,2,"22.5° offset — 9-5/8 in rise, 1-15/16 in shrink (×2.61)","feed 5 ft 3-15/16 in, bend 22.5 (roll 0) ; feed 2 ft 1-1/8 in, bend 22.5 (roll 180) ; tail 1 ft 11-7/16 in"
27,11,11,2.89,2.89,1,0,0,,tail 2 ft 10-3/4 in
28,1,10,10.0,10.0,0,1,0,,tail 10 ft
28,2,10,10.0,10.0,1,1,0,,tail 10 ft
28,3,10,10.0,10.0,1,1,0,,tail 10 ft
28,4,10,10.0,10.0,1,1,0,,tail 10 ft
28,5,10,10.0,10.0,1,1,0,,tail 10 ft
28,6,10,10.0,10.0,1,1,0,,tail 10 ft
28,7,10,10.0,10.0,1,1,0,,tail 10 ft
28,8,10,10.0,9.66,1,1,1,90° bend,"feed 7 ft 8-5/16 in, bend 90 (roll 0) ; tail 8-11/16 in"
28,9,10,10.0,10.0,1,1,0,,tail 10 ft
28,10,10,7.05,6.71,1,0,1,90° bend,"feed 7-9/16 in, bend 90 (roll 90 CW) ; tail 4 ft 10 in"
29,1,10,10.0,9.64,0,1,3,"90° bend; 30° offset — 4-3/4 in rise, 1-1/4 in shrink (×2)","feed 2 ft 4 in, bend 90 (roll 0) ; feed 10-15/16 in, bend 30 (roll 180) ; feed 9-7/16 in, bend 30 (roll 180) ; tail 3 ft 6-7/16 in"
29,2,10,10.0,9.66,1,1,1,90° bend,"feed 5 ft 3-9/16 in, bend 90 (roll 90 CW) ; tail 3 ft 1-7/16 in"
29,3,10,10.0,10.0,1,1,0,,tail 10 ft
29,4,10,10.0,10.0,1,1,0,,tail 10 ft
29,5,10,10.0,10.0,1,1,0,,tail 10 ft
29,6,10,10.0,10.0,1,1,0,,tail 10 ft
29,7,10,10.0,10.0,1,1,0,,tail 10 ft
29,8,10,10.0,10.0,1,1,0,,tail 10 ft
29,9,10,9.46,9.46,1,1,1,22.5° bend,"feed 7 ft 4-13/16 in, bend 22.5 (roll 90 CCW) ; tail 1 ft 9 in"
29,10,10,5.5,5.5,1,0,1,22.5° bend,"feed 4-1/8 in, bend 22.5 (roll 180) ; tail 4 ft 10-1/8 in"
30,1,10,9.69,9.35,0,1,2,90° bend; 22.5° bend,"feed 5 ft 3-1/2 in, bend 90 (roll 0) ; feed 2 ft 1/16 in, bend 22.5 (roll 0) ; tail 6 in"
30,2,10,10.0,9.65,1,1,4,"22.5° bend; 22.5° offset — 3-7/8 in rise, 3/4 in shrink (×2.61); 90° bend","feed 4-1/8 in, bend 22.5 (roll 180) ; feed 10-1/4 in, bend 22.5 (roll 0) ; feed 10-1/8 in, bend 22.5 (roll 180) ; feed 2 ft 3-13/16 in, bend 90 (roll 90 CCW) ; tail 3 ft 1-7/16 in"
30,3,10,10.0,10.0,1,1,0,,tail 10 ft
30,4,10,10.0,10.0,1,1,0,,tail 10 ft
30,5,10,10.0,10.0,1,1,0,,tail 10 ft
30,6,10,10.0,10.0,1,1,0,,tail 10 ft
30,7,10,10.0,10.0,1,1,0,,tail 10 ft
30,8,10,10.0,10.0,1,1,0,,tail 10 ft
30,9,10,9.8,9.8,1,1,0,,tail 9 ft 9-11/16 in
30,10,10,0.5,0.5,1,0,0,,tail 6 in
31,1,9,10.0,9.66,0,1,1,90° bend,"feed 4 ft 4 in, bend 90 (roll 0) ; tail 4 ft 1 in"
31,2,9,10.0,10.0,1,1,0,,tail 10 ft
31,3,9,10.0,9.66,1,1,1,90° bend,"feed 8 ft 3-1/4 in, bend 90 (roll 90 CCW) ; tail 1-3/4 in"
31,4,9,10.0,10.0,1,1,0,,tail 10 ft
31,5,9,10.0,10.0,1,1,0,,tail 10 ft
31,6,9,10.0,10.0,1,1,0,,tail 10 ft
31,7,9,10.0,10.0,1,1,0,,tail 10 ft
31,8,9,10.0,9.75,1,1,2,10° bend; 82.7° bend,"feed 10-5/8 in, bend 10 (roll 90 CW) ; feed 11-3/8 in, bend 82.7 (roll 90 CW) ; tail 6 ft 7-11/16 in"
31,9,9,8.17,8.17,1,0,0,,tail 8 ft 2 in
32,1,9,10.0,9.65,0,1,2,90° bend; 30° bend,"feed 3 ft 11 in, bend 90 (roll 0) ; feed 3 ft 8 in, bend 30 (roll 180) ; tail 4-7/8 in"
32,2,9,10.0,9.63,1,1,4,"30° bend; 30° offset — 9-7/16 in rise, 2-9/16 in shrink (×2); 90° bend","feed 1 ft 2 in, bend 30 (roll 180) ; feed 10 in, bend 30 (roll 0) ; feed 1 ft 6-15/16 in, bend 30 (roll 180) ; feed 1 ft 3-1/2 in, bend 90 (roll 90 CCW) ; tail 2 ft 3-5/16 in"
32,3,9,10.0,10.0,1,1,0,,tail 10 ft
32,4,9,10.0,10.0,1,1,0,,tail 10 ft
32,5,9,10.0,10.0,1,1,0,,tail 10 ft
32,6,9,10.0,9.66,1,1,1,90° bend,"feed 4 ft 1-11/16 in, bend 90 (roll 180) ; tail 4 ft 3-5/16 in"
32,7,9,10.0,10.0,1,1,0,,tail 10 ft
32,8,9,10.0,10.0,1,1,0,,tail 10 ft
32,9,9,5.8,5.46,1,0,1,90° bend,"feed 11-7/16 in, bend 90 (roll 180) ; tail 3 ft 3-1/4 in"
33,1,7,10.0,10.0,0,1,0,,tail 10 ft
33,2,7,10.0,10.0,1,1,0,,tail 10 ft
33,3,7,10.0,10.0,1,1,0,,tail 10 ft
33,4,7,10.0,10.0,1,1,0,,tail 10 ft
33,5,7,10.0,10.0,1,1,0,,tail 10 ft
33,6,7,10.0,10.0,1,1,0,,tail 10 ft
33,7,7,3.85,3.85,1,0,0,,tail 3 ft 10-3/16 in
34,1,7,10.0,10.0,0,1,0,,tail 10 ft
34,2,7,10.0,10.0,1,1,0,,tail 10 ft
34,3,7,10.0,10.0,1,1,0,,tail 10 ft
34,4,7,10.0,10.0,1,1,0,,tail 10 ft
34,5,7,10.0,9.66,1,1,1,90° bend,"feed 7 ft 3-1/8 in, bend 90 (roll 0) ; tail 1 ft 1-7/8 in"
34,6,7,10.0,9.64,1,1,5,"22.5° offset — 3-9/16 in rise, 11/16 in shrink (×2.61); 22.5° offset — 3-9/16 in rise, 11/16 in shrink (×2.61); 90° bend","feed 1 ft 11/16 in, bend 22.5 (roll 90 CCW) ; feed 9-3/8 in, bend 22.5 (roll 180) ; feed 11-1/4 in, bend 22.5 (roll 0) ; feed 9-3/8 in, bend 22.5 (roll 180) ; feed 1 ft 11-7/16 in, bend 90 (roll 0) ; tail 1 ft 7-3/4 in"
34,7,7,3.64,3.64,1,0,0,,tail 3 ft 7-3/4 in
35,1,7,10.0,9.66,0,1,1,90° bend,"feed 3 ft 11 in, bend 90 (roll 0) ; tail 4 ft 6 in"
35,2,7,10.0,9.66,1,1,1,90° bend,"feed 5 ft 8-1/2 in, bend 90 (roll 90 CCW) ; tail 2 ft 8-1/2 in"
35,3,7,10.0,10.0,1,1,0,,tail 10 ft
35,4,7,10.0,10.0,1,1,0,,tail 10 ft
35,5,7,10.0,9.66,1,1,1,90° bend,"feed 1 ft 10-3/16 in, bend 90 (roll 180) ; tail 6 ft 6-13/16 in"
35,6,7,9.81,9.81,1,1,0,,tail 9 ft 9-3/4 in
35,7,7,3.56,3.51,1,0,1,90° bend,"feed 3-1/2 in, bend 90 (roll 0) ; tail 2 ft 3-1/4 in"
36,1,7,9.34,9.0,0,1,2,90° bend; 22.5° bend,"feed 5 ft 3-1/2 in, bend 90 (roll 0) ; feed 1 ft 5-5/8 in, bend 22.5 (roll 0) ; tail 8-3/16 in"
36,2,7,10.0,9.65,1,1,4,"22.5° bend; 22.5° offset — 4-11/16 in rise, 15/16 in shrink (×2.61); 90° bend","feed 4-1/8 in, bend 22.5 (roll 180) ; feed 1 ft 1-1/4 in, bend 22.5 (roll 0) ; feed 1 ft 5/16 in, bend 22.5 (roll 180) ; feed 1 ft 9-1/8 in, bend 90 (roll 90 CCW) ; tail 3 ft 2-7/8 in"
36,3,7,10.0,10.0,1,1,0,,tail 10 ft
36,4,7,10.0,10.0,1,1,0,,tail 10 ft
36,5,7,10.0,10.0,1,1,0,,tail 10 ft
36,6,7,10.0,10.0,1,1,0,,tail 10 ft
36,7,7,3.87,3.87,1,0,0,,tail 3 ft 10-7/16 in
37,1,7,9.02,8.68,0,1,1,90° bend,"feed 3 ft 11 in, bend 90 (roll 0) ; tail 3 ft 6-5/16 in"
37,2,7,10.0,9.62,1,1,5,"30° offset — 9-7/16 in rise, 2-9/16 in shrink (×2); 30° offset — 9-7/16 in rise, 2-9/16 in shrink (×2); 90° bend","feed 3-7/16 in, bend 30 (roll 180) ; feed 1 ft 6-15/16 in, bend 30 (roll 180) ; feed 10 in, bend 30 (roll 0) ; feed 1 ft 6-15/16 in, bend 30 (roll 180) ; feed 11-1/2 in, bend 90 (roll 90 CCW) ; tail 1 ft 5-7/8 in"
37,3,7,10.0,10.0,1,1,0,,tail 10 ft
37,4,7,10.0,9.66,1,1,1,90° bend,"feed 3 ft 2-7/8 in, bend 90 (roll 180) ; tail 5 ft 2-1/8 in"
37,5,7,10.0,10.0,1,1,0,,tail 10 ft
37,6,7,10.0,9.66,1,1,1,90° bend,"feed 7 ft 8-7/8 in, bend 90 (roll 180) ; tail 8-1/8 in"
37,7,7,2.26,2.26,1,0,0,,tail 2 ft 3-1/8 in
38,1,6,10.0,9.66,0,1,1,90° bend,"feed 5 ft, bend 90 (roll 0) ; tail 3 ft 5 in"
38,2,6,10.0,9.66,1,1,3,"10° offset — 3-7/16 in rise, 5/16 in shrink (×5.76); 90° bend","feed 7-15/16 in, bend 10 (roll 180) ; feed 1 ft 8 in, bend 10 (roll 180) ; feed 2 ft 5-13/16 in, bend 90 (roll 90 CCW) ; tail 3 ft 3-15/16 in"
38,3,6,10.0,10.0,1,1,0,,tail 10 ft
38,4,6,10.0,10.0,1,1,0,,tail 10 ft
38,5,6,10.0,10.0,1,1,0,,tail 10 ft
38,6,6,3.17,3.17,1,0,0,,tail 3 ft 2-1/16 in
39,1,5,10.0,10.0,0,1,0,,tail 10 ft
39,2,5,10.0,10.0,1,1,0,,tail 10 ft
39,3,5,10.0,10.0,1,1,0,,tail 10 ft
39,4,5,9.03,8.69,1,1,1,90° bend,"feed 3 ft 6-9/16 in, bend 90 (roll 0) ; tail 3 ft 10-3/4 in"
39,5,5,5.95,5.9,1,0,3,"90° bend; 12.5° offset — 3-9/16 in rise, 3/8 in shrink (×4.62)","feed 3-1/2 in, bend 90 (roll 90 CCW) ; feed 1 ft 11-7/16 in, bend 12.5 (roll 90 CCW) ; feed 1 ft 4-3/8 in, bend 12.5 (roll 180) ; tail 11-15/16 in"
40,1,5,10.0,9.66,0,1,1,90° bend,"feed 4 ft 6-1/2 in, bend 90 (roll 0) ; tail 3 ft 10-1/2 in"
40,2,5,10.0,9.84,1,1,1,90° bend,"feed 2-1/8 in, bend 90 (roll 90 CCW) ; tail 8 ft 7-1/8 in"
40,3,5,10.0,10.0,1,1,0,,tail 10 ft
40,4,5,9.35,9.34,1,1,1,22.5° bend,"feed 7 ft 3 in, bend 22.5 (roll 90 CCW) ; tail 1 ft 9-3/8 in"
40,5,5,5.5,5.5,1,0,1,22.5° bend,"feed 4-1/8 in, bend 22.5 (roll 180) ; tail 4 ft 10-3/16 in"
41,1,5,10.0,9.99,0,1,2,"22.5° offset — 9-3/4 in rise, 1-15/16 in shrink (×2.61)","feed 4 ft 10-3/16 in, bend 22.5 (roll 0) ; feed 2 ft 1-7/16 in, bend 22.5 (roll 180) ; tail 2 ft 4-13/16 in"
41,2,5,10.0,10.0,1,1,0,,tail 10 ft
41,3,5,10.0,10.0,1,1,0,,tail 10 ft
41,4,5,10.0,9.66,1,1,1,90° bend,"feed 4 ft 5-13/16 in, bend 90 (roll 90 CCW) ; tail 3 ft 11-3/16 in"
41,5,5,4.28,3.94,1,0,1,90° bend,"feed 2-13/16 in, bend 90 (roll 90 CW) ; tail 2 ft 5-1/2 in"
42,1,5,9.79,9.45,0,1,1,90° bend,"feed 4 ft 7-1/2 in, bend 90 (roll 0) ; tail 3 ft 7 in"
42,2,5,10.0,9.95,1,1,1,90° bend,"feed 3-1/2 in, bend 90 (roll 90 CCW) ; tail 8 ft 8-1/2 in"
42,3,5,10.0,10.0,1,1,0,,tail 10 ft
42,4,5,10.0,10.0,1,1,0,,tail 10 ft
42,5,5,4.34,4.34,1,0,0,,tail 4 ft 4-1/16 in
43,1,5,10.0,9.65,0,1,2,90° bend; 30° bend,"feed 3 ft 11 in, bend 90 (roll 0) ; feed 3 ft 9-1/8 in, bend 30 (roll 180) ; tail 3-3/4 in"
43,2,5,10.0,9.63,1,1,4,"30° bend; 30° offset — 9-7/16 in rise, 2-9/16 in shrink (×2); 90° bend","feed 1 ft 3-1/8 in, bend 30 (roll 180) ; feed 10 in, bend 30 (roll 0) ; feed 1 ft 6-15/16 in, bend 30 (roll 180) ; feed 11-1/2 in, bend 90 (roll 90 CW) ; tail 2 ft 6-3/16 in"
43,3,5,10.0,9.66,1,1,1,90° bend,"feed 10-3/16 in, bend 90 (roll 180) ; tail 7 ft 6-13/16 in"
43,4,5,9.64,9.64,1,1,0,,tail 9 ft 7-11/16 in
43,5,5,3.89,3.85,1,0,1,90° bend,"feed 3-1/2 in, bend 90 (roll 0) ; tail 2 ft 7-1/4 in"
44,1,5,10.0,10.0,0,1,0,,tail 10 ft
44,2,5,10.0,10.0,1,1,0,,tail 10 ft
44,3,5,10.0,10.0,1,1,0,,tail 10 ft
44,4,5,10.0,9.66,1,1,1,90° bend,"feed 2 ft 9-9/16 in, bend 90 (roll 0) ; tail 5 ft 7-7/16 in"
44,5,5,2.17,2.17,1,0,0,,tail 2 ft 2-1/16 in
45,1,4,10.0,9.66,0,1,1,90° bend,"feed 7 ft 2-1/2 in, bend 90 (roll 0) ; tail 1 ft 2-1/2 in"
45,2,4,10.0,10.0,1,1,0,,tail 10 ft
45,3,4,10.0,9.61,1,1,2,52° bend; 90° bend,"feed 5 ft 8-1/4 in, bend 52 (roll 90 CW) ; feed 1 ft 3-5/8 in, bend 90 (roll 90 CW) ; tail 7-7/8 in"
45,4,4,2.13,2.13,1,0,0,,tail 2 ft 1-5/8 in
46,1,3,10.0,9.97,0,1,1,45° bend,"feed 8 ft 3/16 in, bend 45 (roll 0) ; tail 1 ft 3-15/16 in"
46,2,3,9.73,9.67,1,1,2,45° bend; 45° bend,"feed 9-3/4 in, bend 45 (roll 180) ; feed 5 ft 7-5/8 in, bend 45 (roll 0) ; tail 1 ft 11-5/8 in"
46,3,3,3.07,3.04,1,0,1,45° bend,"feed 2-1/16 in, bend 45 (roll 180) ; tail 2 ft 2-15/16 in"
47,1,3,10.0,9.66,0,1,1,90° bend,"feed 4 ft 1-1/2 in, bend 90 (roll 0) ; tail 4 ft 3-1/2 in"
47,2,3,10.0,9.93,1,1,3,"90° bend; 22.5° offset — 9-5/8 in rise, 1-15/16 in shrink (×2.61)","feed 3-3/8 in, bend 90 (roll 90 CCW) ; feed 2 ft 10-1/2 in, bend 22.5 (roll 90 CCW) ; feed 2 ft 1-1/8 in, bend 22.5 (roll 180) ; tail 3 ft 1-3/16 in"
47,3,3,1.74,1.74,1,0,0,,tail 1 ft 8-15/16 in
48,1,3,10.0,9.66,0,1,1,90° bend,"feed 4 ft 11-1/2 in, bend 90 (roll 0) ; tail 3 ft 5-1/2 in"
48,2,3,10.0,9.66,1,1,1,90° bend,"feed 1 in, bend 90 (roll 90 CW) ; tail 8 ft 4 in"
48,3,3,1.68,1.68,1,0,0,,tail 1 ft 8-1/8 in
49,1,3,10.0,9.66,0,1,2,90° bend; 18.5° bend,"feed 4 ft 6-13/16 in, bend 90 (roll 0) ; feed 2 ft 11-5/8 in, bend 18.5 (roll 180) ; tail 7-1/2 in"
49,2,3,10.0,9.66,1,1,2,18.5° bend; 90° bend,"feed 1 ft 4-13/16 in, bend 18.5 (roll 180) ; feed 2 ft 4-7/16 in, bend 90 (roll 90 CCW) ; tail 4 ft 4-11/16 in"
49,3,3,1.66,1.66,1,0,0,,tail 1 ft 7-7/8 in
50,1,3,10.0,9.66,0,1,2,90° bend; 18.3° bend,"feed 4 ft 7-1/4 in, bend 90 (roll 0) ; feed 2 ft 11-7/16 in, bend 18.3 (roll 180) ; tail 7-1/4 in"
50,2,3,10.0,9.66,1,1,2,18.3° bend; 90° bend,"feed 1 ft 3-15/16 in, bend 18.3 (roll 180) ; feed 2 ft 1-15/16 in, bend 90 (roll 90 CCW) ; tail 4 ft 8-1/16 in"
50,3,3,1.41,1.41,1,0,0,,tail 1 ft 4-15/16 in
51,1,3,9.71,9.37,0,1,1,90° bend,"feed 4 ft 3-1/2 in, bend 90 (roll 0) ; tail 3 ft 10 in"
51,2,3,10.0,9.95,1,1,1,90° bend,"feed 3-1/2 in, bend 90 (roll 90 CCW) ; tail 8 ft 8-1/2 in"
51,3,3,1.4,1.4,1,0,0,,tail 1 ft 4-3/4 in
52,1,3,10.0,9.93,0,1,2,"45° offset — 1 ft 1-15/16 in rise, 5-3/4 in shrink (×1.41)","feed 6 ft 3-1/16 in, bend 45 (roll 0) ; feed 1 ft 7-11/16 in, bend 45 (roll 180) ; tail 9-1/2 in"
52,2,3,10.0,9.93,1,1,2,"45° offset — 1 ft 1-15/16 in rise, 5-3/4 in shrink (×1.41)","feed 1 ft 6-5/8 in, bend 45 (roll 0) ; feed 1 ft 7-11/16 in, bend 45 (roll 180) ; tail 5 ft 5-15/16 in"
52,3,3,0.78,0.78,1,0,0,,tail 9-3/8 in
53,1,3,10.0,9.93,0,1,2,"45° offset — 1 ft 1-15/16 in rise, 5-3/4 in shrink (×1.41)","feed 6 ft 3-1/16 in, bend 45 (roll 0) ; feed 1 ft 7-11/16 in, bend 45 (roll 180) ; tail 9-1/2 in"
53,2,3,9.74,9.67,1,1,2,"45° offset — 1 ft 1-15/16 in rise, 5-3/4 in shrink (×1.41)","feed 1 ft 6-5/8 in, bend 45 (roll 0) ; feed 1 ft 7-11/16 in, bend 45 (roll 180) ; tail 5 ft 2-13/16 in"
53,3,3,0.5,0.5,1,0,0,,tail 6 in
54,1,2,9.68,9.65,0,1,1,45° bend,"feed 7 ft 5-15/16 in, bend 45 (roll 0) ; tail 1 ft 6-3/8 in"
54,2,2,9.52,9.42,1,0,3,"45° bend; 45° offset — 1 ft 2-7/16 in rise, 6 in shrink (×1.41)","feed 2-1/16 in, bend 45 (roll 180) ; feed 2 ft 4-1/8 in, bend 45 (roll 0) ; feed 1 ft 8-7/16 in, bend 45 (roll 180) ; tail 3 ft 4-1/16 in"
55,1,2,10.0,9.93,0,1,2,"45° offset — 1 ft 2-7/16 in rise, 6 in shrink (×1.41)","feed 5 ft 10-3/16 in, bend 45 (roll 0) ; feed 1 ft 8-7/16 in, bend 45 (roll 180) ; tail 1 ft 1-11/16 in"
55,2,2,8.55,8.48,1,0,2,"45° offset — 1 ft 2-7/16 in rise, 6 in shrink (×1.41)","feed 1 ft 2-1/2 in, bend 45 (roll 0) ; feed 1 ft 8-7/16 in, bend 45 (roll 180) ; tail 4 ft 3-15/16 in"
56,1,2,10.0,10.0,0,1,0,,tail 10 ft
56,2,2,8.08,8.01,1,0,2,"45° offset — 2 ft 7/16 in rise, 10-1/8 in shrink (×1.41)","feed 2 ft 8-9/16 in, bend 45 (roll 0) ; feed 2 ft 10-9/16 in, bend 45 (roll 180) ; tail 1 ft 2-1/16 in"
57,1,2,10.0,10.0,0,1,0,,tail 10 ft
57,2,2,7.33,7.33,1,0,0,,tail 7 ft 4 in
58,1,2,10.0,10.0,0,1,0,,tail 10 ft
58,2,2,7.33,7.33,1,0,0,,tail 7 ft 4 in
59,1,2,10.0,10.0,0,1,0,,tail 10 ft
59,2,2,7.33,7.33,1,0,0,,tail 7 ft 4 in
60,1,2,10.0,10.0,0,1,0,,tail 10 ft
60,2,2,7.33,7.33,1,0,0,,tail 7 ft 4 in
61,1,2,10.0,10.0,0,1,0,,tail 10 ft
61,2,2,7.33,7.33,1,0,0,,tail 7 ft 4 in
62,1,2,10.0,10.0,0,1,0,,tail 10 ft
62,2,2,7.33,7.33,1,0,0,,tail 7 ft 4 in
63,1,2,10.0,10.0,0,1,0,,tail 10 ft
63,2,2,7.33,7.33,1,0,0,,tail 7 ft 4 in
64,1,2,10.0,10.0,0,1,0,,tail 10 ft
64,2,2,7.33,7.33,1,0,0,,tail 7 ft 4 in
65,1,2,10.0,10.0,0,1,0,,tail 10 ft
65,2,2,7.33,7.33,1,0,0,,tail 7 ft 4 in
66,1,2,10.0,10.0,0,1,0,,tail 10 ft
66,2,2,7.33,7.33,1,0,0,,tail 7 ft 4 in
67,1,2,10.0,10.0,0,1,0,,tail 10 ft
67,2,2,7.33,7.33,1,0,0,,tail 7 ft 4 in
68,1,2,10.0,10.0,0,1,0,,tail 10 ft
68,2,2,7.33,7.33,1,0,0,,tail 7 ft 4 in
69,1,2,10.0,10.0,0,1,0,,tail 10 ft
69,2,2,7.33,7.33,1,0,0,,tail 7 ft 4 in
70,1,2,10.0,10.0,0,1,0,,tail 10 ft
70,2,2,7.33,7.33,1,0,0,,tail 7 ft 4 in
71,1,2,10.0,10.0,0,1,0,,tail 10 ft
71,2,2,7.33,7.33,1,0,0,,tail 7 ft 4 in
72,1,2,10.0,10.0,0,1,0,,tail 10 ft
72,2,2,7.33,7.33,1,0,0,,tail 7 ft 4 in
73,1,2,10.0,10.0,0,1,0,,tail 10 ft
73,2,2,7.33,7.33,1,0,0,,tail 7 ft 4 in
74,1,2,10.0,10.0,0,1,0,,tail 10 ft
74,2,2,7.33,7.33,1,0,0,,tail 7 ft 4 in
75,1,2,10.0,10.0,0,1,0,,tail 10 ft
75,2,2,7.33,7.33,1,0,0,,tail 7 ft 4 in
76,1,2,10.0,10.0,0,1,0,,tail 10 ft
76,2,2,7.33,7.33,1,0,0,,tail 7 ft 4 in
77,1,2,10.0,10.0,0,1,0,,tail 10 ft
77,2,2,7.33,7.33,1,0,0,,tail 7 ft 4 in
78,1,2,10.0,10.0,0,1,0,,tail 10 ft
78,2,2,7.33,7.33,1,0,0,,tail 7 ft 4 in
79,1,2,10.0,10.0,0,1,0,,tail 10 ft
79,2,2,7.33,7.33,1,0,0,,tail 7 ft 4 in
80,1,2,10.0,10.0,0,1,0,,tail 10 ft
80,2,2,7.33,7.33,1,0,0,,tail 7 ft 4 in
81,1,2,10.0,10.0,0,1,0,,tail 10 ft
81,2,2,7.33,7.33,1,0,0,,tail 7 ft 4 in
82,1,2,10.0,10.0,0,1,0,,tail 10 ft
82,2,2,7.33,7.33,1,0,0,,tail 7 ft 4 in
83,1,2,10.0,10.0,0,1,0,,tail 10 ft
83,2,2,7.33,7.33,1,0,0,,tail 7 ft 4 in
84,1,2,10.0,10.0,0,1,0,,tail 10 ft
84,2,2,7.33,7.33,1,0,0,,tail 7 ft 4 in
85,1,2,10.0,10.0,0,1,0,,tail 10 ft
85,2,2,7.33,7.33,1,0,0,,tail 7 ft 4 in
86,1,2,10.0,10.0,0,1,0,,tail 10 ft
86,2,2,7.33,7.33,1,0,0,,tail 7 ft 4 in
87,1,2,10.0,10.0,0,1,0,,tail 10 ft
87,2,2,7.33,7.33,1,0,0,,tail 7 ft 4 in
88,1,2,10.0,10.0,0,1,0,,tail 10 ft
88,2,2,7.33,7.33,1,0,0,,tail 7 ft 4 in
89,1,2,10.0,10.0,0,1,0,,tail 10 ft
89,2,2,7.33,7.33,1,0,0,,tail 7 ft 4 in
90,1,2,10.0,9.82,0,1,2,90° bend; 45° bend,"feed 1 ft 6-7/8 in, bend 90 (roll 0) ; feed 6 ft 9-3/8 in, bend 45 (roll 90 CCW) ; tail 7 in"
90,2,2,6.28,6.19,1,0,3,"45° bend; 60° offset — 1 ft 2-9/16 in rise, 8-3/8 in shrink (×1.15)","feed 1 ft 5-9/16 in, bend 45 (roll 180) ; feed 1 ft 9-9/16 in, bend 60 (roll 0) ; feed 1 ft 4-13/16 in, bend 60 (roll 180) ; tail 5-3/8 in"
91,1,2,10.0,9.66,0,1,2,90° bend; 22.5° bend,"feed 2 ft 5-1/2 in, bend 90 (roll 0) ; feed 4 ft 4-3/16 in, bend 22.5 (roll 0) ; tail 1 ft 3-9/16 in"
91,2,2,5.99,5.98,1,0,1,22.5° bend,"feed 9-7/8 in, bend 22.5 (roll 180) ; tail 4 ft 10-1/8 in"
92,1,2,10.0,9.97,0,1,1,45° bend,"feed 9 ft 3/16 in, bend 45 (roll 0) ; tail 3-15/16 in"
92,2,2,5.43,5.39,1,0,1,45° bend,"feed 3 ft 10-3/16 in, bend 45 (roll 180) ; tail 11-1/16 in"
93,1,2,9.51,9.44,0,1,4,"45° offset — 11-3/8 in rise, 4-11/16 in shrink (×1.41); 45° offset — 11-3/8 in rise, 4-11/16 in shrink (×1.41)","feed 1 ft 4 in, bend 45 (roll 0) ; feed 1 ft 4-1/16 in, bend 45 (roll 180) ; feed 2 ft 4-1/4 in, bend 45 (roll 0) ; feed 1 ft 4-1/16 in, bend 45 (roll 180) ; tail 1 ft 10-3/4 in"
93,2,2,5.78,5.46,1,0,2,90° bend; 90° bend,"feed 1-1/2 in, bend 90 (roll 90 CW) ; feed 3 ft 2-13/16 in, bend 90 (roll 180) ; tail 11 in"
94,1,2,9.51,9.44,0,1,4,"45° offset — 11-3/8 in rise, 4-11/16 in shrink (×1.41); 45° offset — 11-3/8 in rise, 4-11/16 in shrink (×1.41)","feed 1 ft 4 in, bend 45 (roll 0) ; feed 1 ft 4-1/16 in, bend 45 (roll 180) ; feed 2 ft 4-1/4 in, bend 45 (roll 0) ; feed 1 ft 4-1/16 in, bend 45 (roll 180) ; tail 1 ft 10-3/4 in"
94,2,2,4.28,3.96,1,0,2,90° bend; 90° bend,"feed 1-1/2 in, bend 90 (roll 90 CW) ; feed 1 ft 8-13/16 in, bend 90 (roll 180) ; tail 11 in"
95,1,2,9.9,9.73,0,1,1,90° bend,"feed 8 ft 7-1/4 in, bend 90 (roll 0) ; tail 6-1/2 in"
95,2,2,3.19,3.18,1,0,2,"35° offset — 7-11/16 in rise, 2-7/16 in shrink (×1.74)","feed 4-9/16 in, bend 35 (roll 90 CW) ; feed 1 ft 1-7/16 in, bend 35 (roll 180) ; tail 1 ft 2-9/16 in"
96,1,2,10.0,10.0,0,1,0,,tail 10 ft
96,2,2,2.17,2.17,1,0,0,,tail 2 ft 2 in
97,1,2,10.0,10.0,0,1,0,,tail 10 ft
97,2,2,2.17,2.17,1,0,0,,tail 2 ft 2 in
98,1,2,10.0,10.0,0,1,0,,tail 10 ft
98,2,2,2.17,2.17,1,0,0,,tail 2 ft 2 in
99,1,2,10.0,10.0,0,1,0,,tail 10 ft
99,2,2,2.17,2.17,1,0,0,,tail 2 ft 2 in
100,1,2,10.0,10.0,0,1,0,,tail 10 ft
100,2,2,2.17,2.17,1,0,0,,tail 2 ft 2 in
101,1,2,10.0,10.0,0,1,0,,tail 10 ft
101,2,2,2.17,2.17,1,0,0,,tail 2 ft 2 in
102,1,2,10.0,10.0,0,1,0,,tail 10 ft
102,2,2,2.17,2.17,1,0,0,,tail 2 ft 2 in
103,1,2,10.0,10.0,0,1,0,,tail 10 ft
103,2,2,2.17,2.17,1,0,0,,tail 2 ft 2 in
104,1,2,10.0,10.0,0,1,0,,tail 10 ft
104,2,2,2.17,2.17,1,0,0,,tail 2 ft 2 in
105,1,2,10.0,10.0,0,1,0,,tail 10 ft
105,2,2,2.17,2.17,1,0,0,,tail 2 ft 2 in
106,1,2,10.0,10.0,0,1,0,,tail 10 ft
106,2,2,2.17,2.17,1,0,0,,tail 2 ft 2 in
107,1,2,10.0,10.0,0,1,0,,tail 10 ft
107,2,2,2.17,2.17,1,0,0,,tail 2 ft 2 in
108,1,2,10.0,10.0,0,1,0,,tail 10 ft
108,2,2,2.17,2.17,1,0,0,,tail 2 ft 2 in
109,1,2,10.0,10.0,0,1,0,,tail 10 ft
109,2,2,2.17,2.17,1,0,0,,tail 2 ft 2 in
110,1,2,10.0,10.0,0,1,0,,tail 10 ft
110,2,2,2.17,2.17,1,0,0,,tail 2 ft 2 in
111,1,2,10.0,10.0,0,1,0,,tail 10 ft
111,2,2,2.17,2.17,1,0,0,,tail 2 ft 2 in
112,1,2,10.0,10.0,0,1,0,,tail 10 ft
112,2,2,2.17,2.17,1,0,0,,tail 2 ft 2 in
113,1,2,10.0,10.0,0,1,0,,tail 10 ft
113,2,2,2.17,2.17,1,0,0,,tail 2 ft 2 in
114,1,2,10.0,10.0,0,1,0,,tail 10 ft
114,2,2,2.17,2.17,1,0,0,,tail 2 ft 2 in
115,1,2,10.0,10.0,0,1,0,,tail 10 ft
115,2,2,2.17,2.17,1,0,0,,tail 2 ft 2 in
116,1,2,10.0,10.0,0,1,0,,tail 10 ft
116,2,2,2.17,2.17,1,0,0,,tail 2 ft 2 in
117,1,2,10.0,10.0,0,1,0,,tail 10 ft
117,2,2,2.17,2.17,1,0,0,,tail 2 ft 2 in
118,1,2,10.0,10.0,0,1,0,,tail 10 ft
118,2,2,2.17,2.17,1,0,0,,tail 2 ft 2 in
119,1,2,10.0,10.0,0,1,0,,tail 10 ft
119,2,2,2.17,2.17,1,0,0,,tail 2 ft 2 in
120,1,2,10.0,10.0,0,1,0,,tail 10 ft
120,2,2,2.17,2.17,1,0,0,,tail 2 ft 2 in
121,1,2,10.0,10.0,0,1,0,,tail 10 ft
121,2,2,2.17,2.17,1,0,0,,tail 2 ft 2 in
122,1,2,10.0,10.0,0,1,0,,tail 10 ft
122,2,2,2.17,2.17,1,0,0,,tail 2 ft 2 in
123,1,2,10.0,9.84,0,1,1,90° bend,"feed 2 ft 1/2 in, bend 90 (roll 0) ; tail 7 ft 2-1/2 in"
123,2,2,2.09,2.09,1,0,0,,tail 2 ft 1-1/8 in
124,1,2,9.72,9.56,0,1,1,90° bend,"feed 1 ft 4-1/8 in, bend 90 (roll 0) ; tail 7 ft 7-1/2 in"
124,2,2,2.22,2.06,1,0,1,90° bend,"feed 1-1/2 in, bend 90 (roll 0) ; tail 1 ft 4-1/8 in"
125,1,2,10.0,9.66,0,1,1,90° bend,"feed 7 ft 6-1/16 in, bend 90 (roll 0) ; tail 10-15/16 in"
125,2,2,1.8,1.8,1,0,0,,tail 1 ft 9-9/16 in
126,1,2,9.48,9.41,0,1,5,"45° offset — 11-3/8 in rise, 4-11/16 in shrink (×1.41); 45° offset — 11-3/8 in rise, 4-11/16 in shrink (×1.41); 15° bend","feed 1 ft 4-1/4 in, bend 45 (roll 0) ; feed 1 ft 4-1/16 in, bend 45 (roll 180) ; feed 2 ft 4-1/4 in, bend 45 (roll 0) ; feed 1 ft 4-1/16 in, bend 45 (roll 180) ; feed 1 ft 2-9/16 in, bend 15 (roll 90 CW) ; tail 6-7/16 in"
126,2,2,1.86,1.86,1,0,1,15° bend,"feed 5-7/16 in, bend 15 (roll 180) ; tail 1 ft 3-3/4 in"
127,1,2,10.0,9.94,0,1,4,"45° offset — 11-3/8 in rise, 4-11/16 in shrink (×1.41); 45° offset — 11-3/8 in rise, 4-11/16 in shrink (×1.41)","feed 1 ft 4 in, bend 45 (roll 0) ; feed 1 ft 4-1/16 in, bend 45 (roll 180) ; feed 2 ft 4-1/4 in, bend 45 (roll 0) ; feed 1 ft 4-1/16 in, bend 45 (roll 180) ; tail 2 ft 4-11/16 in"
127,2,2,1.3,1.3,1,0,0,,tail 1 ft 3-5/8 in
128,1,2,9.29,9.24,0,1,3,"45° offset — 11-3/8 in rise, 4-11/16 in shrink (×1.41); 45° bend","feed 3 ft 8 in, bend 45 (roll 0) ; feed 1 ft 4-1/16 in, bend 45 (roll 180) ; feed 2 ft 4-1/4 in, bend 45 (roll 0) ; tail 11-15/16 in"
128,2,2,2.01,1.99,1,0,1,45° bend,"feed 4-1/8 in, bend 45 (roll 180) ; tail 1 ft 4-1/4 in"
129,1,2,10.0,9.94,0,1,4,"45° offset — 11-3/8 in rise, 4-11/16 in shrink (×1.41); 45° offset — 11-3/8 in rise, 4-11/16 in shrink (×1.41)","feed 1 ft 4 in, bend 45 (roll 0) ; feed 1 ft 4-1/16 in, bend 45 (roll 180) ; feed 2 ft 4-1/4 in, bend 45 (roll 0) ; feed 1 ft 4-1/16 in, bend 45 (roll 180) ; tail 2 ft 4-11/16 in"
129,2,2,1.3,1.3,1,0,0,,tail 1 ft 3-5/8 in
130,1,2,9.3,9.25,0,1,3,"45° offset — 11-3/8 in rise, 4-11/16 in shrink (×1.41); 45° bend","feed 3 ft 8-1/8 in, bend 45 (roll 0) ; feed 1 ft 4-1/16 in, bend 45 (roll 180) ; feed 2 ft 4-1/4 in, bend 45 (roll 0) ; tail 11-15/16 in"
130,2,2,2.0,1.98,1,0,1,45° bend,"feed 4-1/8 in, bend 45 (roll 180) ; tail 1 ft 4-1/8 in"
131,1,2,9.3,9.25,0,1,3,"45° offset — 11-3/8 in rise, 4-11/16 in shrink (×1.41); 45° bend","feed 3 ft 8-1/8 in, bend 45 (roll 0) ; feed 1 ft 4-1/16 in, bend 45 (roll 180) ; feed 2 ft 4-1/4 in, bend 45 (roll 0) ; tail 11-15/16 in"
131,2,2,2.0,1.98,1,0,1,45° bend,"feed 4-1/8 in, bend 45 (roll 180) ; tail 1 ft 4-1/8 in"
132,1,2,9.3,9.25,0,1,3,"45° offset — 11-3/8 in rise, 4-11/16 in shrink (×1.41); 45° bend","feed 3 ft 8-1/8 in, bend 45 (roll 0) ; feed 1 ft 4-1/16 in, bend 45 (roll 180) ; feed 2 ft 4-1/4 in, bend 45 (roll 0) ; tail 11-15/16 in"
132,2,2,2.0,1.98,1,0,1,45° bend,"feed 4-1/8 in, bend 45 (roll 180) ; tail 1 ft 4-1/8 in"
133,1,2,9.3,9.25,0,1,3,"45° offset — 11-3/8 in rise, 4-11/16 in shrink (×1.41); 45° bend","feed 3 ft 8-1/8 in, bend 45 (roll 0) ; feed 1 ft 4-1/16 in, bend 45 (roll 180) ; feed 2 ft 4-1/4 in, bend 45 (roll 0) ; tail 11-15/16 in"
133,2,2,2.0,1.98,1,0,1,45° bend,"feed 4-1/8 in, bend 45 (roll 180) ; tail 1 ft 4-1/8 in"
134,1,2,9.3,9.25,0,1,3,"45° offset — 11-3/8 in rise, 4-11/16 in shrink (×1.41); 45° bend","feed 3 ft 8-1/8 in, bend 45 (roll 0) ; feed 1 ft 4-1/16 in, bend 45 (roll 180) ; feed 2 ft 4-1/4 in, bend 45 (roll 0) ; tail 11-15/16 in"
134,2,2,2.0,1.98,1,0,1,45° bend,"feed 4-1/8 in, bend 45 (roll 180) ; tail 1 ft 4-1/8 in"
135,1,2,9.29,9.24,0,1,3,"45° offset — 11-3/8 in rise, 4-11/16 in shrink (×1.41); 45° bend","feed 3 ft 8 in, bend 45 (roll 0) ; feed 1 ft 4-1/16 in, bend 45 (roll 180) ; feed 2 ft 4-1/4 in, bend 45 (roll 0) ; tail 11-15/16 in"
135,2,2,2.01,1.99,1,0,1,45° bend,"feed 4-1/8 in, bend 45 (roll 180) ; tail 1 ft 4-1/4 in"
136,1,2,10.0,9.94,0,1,4,"45° offset — 11-3/8 in rise, 4-11/16 in shrink (×1.41); 45° offset — 11-3/8 in rise, 4-11/16 in shrink (×1.41)","feed 1 ft 4 in, bend 45 (roll 0) ; feed 1 ft 4-1/16 in, bend 45 (roll 180) ; feed 2 ft 4-1/4 in, bend 45 (roll 0) ; feed 1 ft 4-1/16 in, bend 45 (roll 180) ; tail 2 ft 4-11/16 in"
136,2,2,1.3,1.3,1,0,0,,tail 1 ft 3-5/8 in
137,1,2,10.0,9.92,0,1,4,"45° offset — 10-5/8 in rise, 4-3/8 in shrink (×1.41); 45° offset — 10-5/8 in rise, 4-3/8 in shrink (×1.41)","feed 1 ft 3-1/2 in, bend 45 (roll 0) ; feed 1 ft 3-1/16 in, bend 45 (roll 180) ; feed 2 ft 3-1/4 in, bend 45 (roll 0) ; feed 1 ft 3-1/16 in, bend 45 (roll 180) ; tail 2 ft 4-1/8 in"
137,2,2,1.3,1.3,1,0,0,,tail 1 ft 3-5/8 in
138,1,2,10.0,9.94,0,1,4,"45° offset — 11-3/8 in rise, 4-11/16 in shrink (×1.41); 45° offset — 11-3/8 in rise, 4-11/16 in shrink (×1.41)","feed 1 ft 4 in, bend 45 (roll 0) ; feed 1 ft 4-1/16 in, bend 45 (roll 180) ; feed 2 ft 4-1/4 in, bend 45 (roll 0) ; feed 1 ft 4-1/16 in, bend 45 (roll 180) ; tail 2 ft 4-11/16 in"
138,2,2,1.3,1.3,1,0,0,,tail 1 ft 3-5/8 in
139,1,2,9.54,9.38,0,1,1,90° bend,"feed 1 ft 9-1/2 in, bend 90 (roll 0) ; tail 7 ft"
139,2,2,0.5,0.5,1,0,0,,tail 6 in
140,1,1,9.83,9.83,0,0,0,,tail 9 ft 10 in
141,1,1,9.83,9.83,0,0,0,,tail 9 ft 10 in
142,1,1,9.83,9.83,0,0,0,,tail 9 ft 10 in
143,1,1,9.83,9.83,0,0,0,,tail 9 ft 10 in
144,1,1,9.83,9.83,0,0,0,,tail 9 ft 10 in
145,1,1,9.83,9.83,0,0,0,,tail 9 ft 10 in
146,1,1,9.83,9.83,0,0,0,,tail 9 ft 10 in
147,1,1,9.83,9.83,0,0,0,,tail 9 ft 10 in
148,1,1,9.83,9.83,0,0,0,,tail 9 ft 10 in
149,1,1,9.83,9.83,0,0,0,,tail 9 ft 10 in
150,1,1,9.83,9.83,0,0,0,,tail 9 ft 10 in
151,1,1,9.83,9.83,0,0,0,,tail 9 ft 10 in
152,1,1,9.83,9.83,0,0,0,,tail 9 ft 10 in
153,1,1,9.83,9.83,0,0,0,,tail 9 ft 10 in
154,1,1,9.83,9.83,0,0,0,,tail 9 ft 10 in
155,1,1,9.83,9.83,0,0,0,,tail 9 ft 10 in
156,1,1,9.83,9.83,0,0,0,,tail 9 ft 10 in
157,1,1,9.83,9.83,0,0,0,,tail 9 ft 10 in
158,1,1,9.83,9.83,0,0,0,,tail 9 ft 10 in
159,1,1,9.28,9.12,0,0,1,90° bend,"feed 7 ft 7 in, bend 90 (roll 0) ; tail 11-3/8 in"
160,1,1,7.94,7.87,0,0,4,"45° offset — 10-3/8 in rise, 4-5/16 in shrink (×1.41); 45° offset — 10-3/8 in rise, 4-5/16 in shrink (×1.41)","feed 1 ft 2-5/8 in, bend 45 (roll 0) ; feed 1 ft 2-11/16 in, bend 45 (roll 180) ; feed 1 ft 10-1/2 in, bend 45 (roll 0) ; feed 1 ft 2-11/16 in, bend 45 (roll 180) ; tail 1 ft 1-7/8 in"
161,1,1,7.83,7.49,0,0,1,90° bend,"feed 2 ft 3-1/2 in, bend 90 (roll 0) ; tail 3 ft 11-1/2 in"
162,1,1,6.0,6.0,0,0,0,,tail 6 ft
163,1,1,5.56,5.56,0,0,0,,tail 5 ft 6-11/16 in
164,1,1,4.33,4.33,0,0,0,,tail 4 ft 4 in
165,1,1,4.33,4.33,0,0,0,,tail 4 ft 4 in
166,1,1,4.33,4.33,0,0,0,,tail 4 ft 4 in
167,1,1,4.33,4.33,0,0,0,,tail 4 ft 4 in
168,1,1,4.33,4.33,0,0,0,,tail 4 ft 4 in
169,1,1,4.33,4.33,0,0,0,,tail 4 ft 4 in
170,1,1,4.33,4.33,0,0,0,,tail 4 ft 4 in
171,1,1,4.33,4.33,0,0,0,,tail 4 ft 4 in
172,1,1,4.33,4.33,0,0,0,,tail 4 ft 4 in
173,1,1,4.33,4.33,0,0,0,,tail 4 ft 4 in
174,1,1,4.33,4.33,0,0,0,,tail 4 ft 4 in
175,1,1,4.33,4.33,0,0,0,,tail 4 ft 4 in
176,1,1,4.33,4.33,0,0,0,,tail 4 ft 4 in
177,1,1,4.33,4.33,0,0,0,,tail 4 ft 4 in
178,1,1,4.33,4.33,0,0,0,,tail 4 ft 4 in
179,1,1,4.33,4.33,0,0,0,,tail 4 ft 4 in
180,1,1,4.0,4.0,0,0,0,,tail 4 ft
181,1,1,1.7,1.7,0,0,0,,tail 1 ft 8-3/8 in
182,1,1,1.7,1.7,0,0,0,,tail 1 ft 8-3/8 in
183,1,1,1.7,1.7,0,0,0,,tail 1 ft 8-3/8 in
184,1,1,1.7,1.7,0,0,0,,tail 1 ft 8-3/8 in
185,1,1,1.7,1.7,0,0,0,,tail 1 ft 8-3/8 in
186,1,1,1.7,1.7,0,0,0,,tail 1 ft 8-3/8 in
187,1,1,1.7,1.7,0,0,0,,tail 1 ft 8-3/8 in
188,1,1,1.7,1.7,0,0,0,,tail 1 ft 8-3/8 in
189,1,1,1.67,1.67,0,0,0,,tail 1 ft 8 in
190,1,1,1.63,1.63,0,0,0,,tail 1 ft 7-5/8 in
191,1,1,1.63,1.63,0,0,0,,tail 1 ft 7-5/8 in
192,1,1,1.63,1.63,0,0,0,,tail 1 ft 7-5/8 in
193,1,1,1.63,1.63,0,0,0,,tail 1 ft 7-5/8 in
194,1,1,1.63,1.63,0,0,0,,tail 1 ft 7-5/8 in
195,1,1,1.63,1.63,0,0,0,,tail 1 ft 7-5/8 in
196,1,1,1.63,1.63,0,0,0,,tail 1 ft 7-5/8 in
197,1,1,1.63,1.63,0,0,0,,tail 1 ft 7-5/8 in
198,1,1,1.5,1.5,0,0,0,,tail 1 ft 6 in
199,1,1,1.5,1.5,0,0,0,,tail 1 ft 6 in
200,1,1,1.5,1.5,0,0,0,,tail 1 ft 6 in
201,1,1,1.5,1.5,0,0,0,,tail 1 ft 6 in
202,1,1,0.63,0.63,0,0,0,,tail 7-9/16 in
203,1,1,0.56,0.56,0,0,0,,tail 6-3/4 in
204,1,1,0.56,0.56,0,0,0,,tail 6-3/4 in
205,1,1,0.55,0.55,0,0,0,,tail 6-5/8 in
206,1,1,0.52,0.52,0,0,0,,tail 6-1/4 in
207,1,1,0.43,0.43,0,0,0,,tail 5-1/8 in
208,1,1,0.37,0.37,0,0,0,,tail 4-7/16 in
